absolute_path,relative_path,data_type,label,confidence,human_verified,bbox_left,bbox_top,bbox_right,bbox_bottom,file_height,file_width,DateTimeOriginal,DateTime,DateTimeDigitized,Latitude,Longitude,GPSLink,Altitude,Make,Model,Flash,ExifOffset,ResolutionUnit,YCbCrPositioning,XResolution,YResolution,ExifVersion,ComponentsConfiguration,FlashPixVersion,ColorSpace,ExifImageWidth,ISOSpeedRatings,ExifImageHeight,ExposureMode,WhiteBalance,SceneCaptureType,ExposureTime,Software,Sharpness,Saturation,ReferenceBlackWhite
C:/Claire RStudio/Final_project_repository/2024-01 and 2024-01 11West/11 west,2023-12-31 23-16-52 M 3_3.JPG,img,rabbit,0.9996,FALSE,0,744,245,1119,1152,2048,2023-12-31 23:16:52,2023-12-31 23:16:52,2023-12-31 23:16:52,,,,,RECONYX,HYPERFIRE 2 COVERT,25,300,2,2,72.0,72.0,b'0220',b'\x01\x02\x03\x00',b'0100',1,2048,200,1152,0,1,3,0.016666666666666666,,,,
C:/Claire RStudio/Final_project_repository/2024-01 and 2024-01 11West/11 west,2024-01-02 07-37-36 M 1_3.JPG,img,unidentified animal,0.366,FALSE,309,896,575,1110,1152,2048,2024-01-02 07:37:36,2024-01-02 07:37:36,2024-01-02 07:37:36,,,,,RECONYX,HYPERFIRE 2 COVERT,24,300,2,2,72.0,72.0,b'0220',b'\x01\x02\x03\x00',b'0100',1,2048,100,1152,0,1,0,0.0022916666666666667,,,,
C:/Claire RStudio/Final_project_repository/2024-01 and 2024-01 11West/11 west,2024-01-02 07-37-36 M 1_3.JPG,img,coyote,0.74043,FALSE,1525,51,2048,979,1152,2048,2024-01-02 07:37:36,2024-01-02 07:37:36,2024-01-02 07:37:36,,,,,RECONYX,HYPERFIRE 2 COVERT,24,300,2,2,72.0,72.0,b'0220',b'\x01\x02\x03\x00',b'0100',1,2048,100,1152,0,1,0,0.0022916666666666667,,,,
C:/Claire RStudio/Final_project_repository/2024-01 and 2024-01 11West/11 west,2024-01-02 07-37-36 M 2_3.JPG,img,unidentified animal,0.616,FALSE,313,899,569,1116,1152,2048,2024-01-02 07:37:36,2024-01-02 07:37:36,2024-01-02 07:37:36,,,,,RECONYX,HYPERFIRE 2 COVERT,24,300,2,2,72.0,72.0,b'0220',b'\x01\x02\x03\x00',b'0100',1,2048,100,1152,0,1,0,0.0014583333333333334,,,,
C:/Claire RStudio/Final_project_repository/2024-01 and 2024-01 11West/11 west,2024-01-02 07-37-37 M 3_3.JPG,img,unidentified animal,0.565,FALSE,306,896,564,1112,1152,2048,2024-01-02 07:37:37,2024-01-02 07:37:37,2024-01-02 07:37:37,,,,,RECONYX,HYPERFIRE 2 COVERT,24,300,2,2,72.0,72.0,b'0220',b'\x01\x02\x03\x00',b'0100',1,2048,100,1152,0,1,0,0.0014583333333333334,,,,
C:/Claire RStudio/Final_project_repository/2024-01 and 2024-01 11West/11 west,2024-01-02 16-52-03 M 1_3.JPG,img,bird,0.99953,FALSE,749,640,1035,885,1152,2048,2024-01-02 16:52:03,2024-01-02 16:52:03,2024-01-02 16:52:03,,,,,RECONYX,HYPERFIRE 2 COVERT,24,300,2,2,72.0,72.0,b'0220',b'\x01\x02\x03\x00',b'0100',1,2048,100,1152,0,1,0,0.0025,,,,
C:/Claire RStudio/Final_project_repository/2024-01 and 2024-01 11West/11 west,2024-01-04 06-14-02 M 1_3.JPG,img,rabbit,0.99868,FALSE,568,31,2047,1116,1152,2048,2024-01-04 06:14:02,2024-01-04 06:14:02,2024-01-04 06:14:02,,,,,RECONYX,HYPERFIRE 2 COVERT,25,300,2,2,72.0,72.0,b'0220',b'\x01\x02\x03\x00',b'0100',1,2048,100,1152,0,1,3,0.00020833333333333335,,,,
C:/Claire RStudio/Final_project_repository/2024-01 and 2024-01 11West/11 west,2024-01-04 06-14-03 M 2_3.JPG,img,rabbit,0.99897,FALSE,570,31,2048,1116,1152,2048,2024-01-04 06:14:03,2024-01-04 06:14:03,2024-01-04 06:14:03,,,,,RECONYX,HYPERFIRE 2 COVERT,25,300,2,2,72.0,72.0,b'0220',b'\x01\x02\x03\x00',b'0100',1,2048,100,1152,0,1,3,0.00020833333333333335,,,,
C:/Claire RStudio/Final_project_repository/2024-01 and 2024-01 11West/11 west,2024-01-04 06-14-04 M 3_3.JPG,img,raccoon,0.99954,FALSE,1014,224,2048,1117,1152,2048,2024-01-04 06:14:04,2024-01-04 06:14:04,2024-01-04 06:14:04,,,,,RECONYX,HYPERFIRE 2 COVERT,25,300,2,2,72.0,72.0,b'0220',b'\x01\x02\x03\x00',b'0100',1,2048,100,1152,0,1,3,0.0010416666666666667,,,,
C:/Claire RStudio/Final_project_repository/2024-01 and 2024-01 11West/11 west,2024-01-04 06-14-06 M 1_3.JPG,img,raccoon,0.9977,FALSE,990,77,2048,1116,1152,2048,2024-01-04 06:14:06,2024-01-04 06:14:06,2024-01-04 06:14:06,,,,,RECONYX,HYPERFIRE 2 COVERT,25,300,2,2,72.0,72.0,b'0220',b'\x01\x02\x03\x00',b'0100',1,2048,100,1152,0,1,3,0.000625,,,,
C:/Claire RStudio/Final_project_repository/2024-01 and 2024-01 11West/11 west,2024-01-04 06-14-09 M 3_3.JPG,img,raccoon,0.99952,FALSE,1001,383,2047,1118,1152,2048,2024-01-04 06:14:09,2024-01-04 06:14:09,2024-01-04 06:14:09,,,,,RECONYX,HYPERFIRE 2 COVERT,25,300,2,2,72.0,72.0,b'0220',b'\x01\x02\x03\x00',b'0100',1,2048,100,1152,0,1,3,0.0009375,,,,
C:/Claire RStudio/Final_project_repository/2024-01 and 2024-01 11West/11 west,2024-01-04 06-14-10 M 1_3.JPG,img,rabbit,0.54469,FALSE,1047,31,2048,1115,1152,2048,2024-01-04 06:14:10,2024-01-04 06:14:10,2024-01-04 06:14:10,,,,,RECONYX,HYPERFIRE 2 COVERT,25,300,2,2,72.0,72.0,b'0220',b'\x01\x02\x03\x00',b'0100',1,2048,100,1152,0,1,3,0.00125,,,,
C:/Claire RStudio/Final_project_repository/2024-01 and 2024-01 11West/11 west,2024-01-04 06-14-11 M 2_3.JPG,img,raccoon,0.99974,FALSE,963,464,2048,1117,1152,2048,2024-01-04 06:14:11,2024-01-04 06:14:11,2024-01-04 06:14:11,,,,,RECONYX,HYPERFIRE 2 COVERT,25,300,2,2,72.0,72.0,b'0220',b'\x01\x02\x03\x00',b'0100',1,2048,100,1152,0,1,3,0.0010416666666666667,,,,
C:/Claire RStudio/Final_project_repository/2024-01 and 2024-01 11West/11 west,2024-01-05 04-06-33 M 1_3.JPG,img,rabbit,0.99987,FALSE,0,676,330,1119,1152,2048,2024-01-05 04:06:33,2024-01-05 04:06:33,2024-01-05 04:06:33,,,,,RECONYX,HYPERFIRE 2 COVERT,25,300,2,2,72.0,72.0,b'0220',b'\x01\x02\x03\x00',b'0100',1,2048,200,1152,0,1,3,0.016666666666666666,,,,
C:/Claire RStudio/Final_project_repository/2024-01 and 2024-01 11West/11 west,2024-01-05 04-06-34 M 2_3.JPG,img,rabbit,0.99993,FALSE,0,676,324,1119,1152,2048,2024-01-05 04:06:34,2024-01-05 04:06:34,2024-01-05 04:06:34,,,,,RECONYX,HYPERFIRE 2 COVERT,25,300,2,2,72.0,72.0,b'0220',b'\x01\x02\x03\x00',b'0100',1,2048,200,1152,0,1,3,0.016666666666666666,,,,
C:/Claire RStudio/Final_project_repository/2024-01 and 2024-01 11West/11 west,2024-01-05 04-06-34 M 3_3.JPG,img,rabbit,0.99993,FALSE,0,676,323,1119,1152,2048,2024-01-05 04:06:34,2024-01-05 04:06:34,2024-01-05 04:06:34,,,,,RECONYX,HYPERFIRE 2 COVERT,25,300,2,2,72.0,72.0,b'0220',b'\x01\x02\x03\x00',b'0100',1,2048,200,1152,0,1,3,0.016666666666666666,,,,
C:/Claire RStudio/Final_project_repository/2024-01 and 2024-01 11West/11 west,2024-01-05 04-06-36 M 1_3.JPG,img,rabbit,0.99998,FALSE,1245,521,2048,1035,1152,2048,2024-01-05 04:06:36,2024-01-05 04:06:36,2024-01-05 04:06:36,,,,,RECONYX,HYPERFIRE 2 COVERT,25,300,2,2,72.0,72.0,b'0220',b'\x01\x02\x03\x00',b'0100',1,2048,200,1152,0,1,3,0.0084375,,,,
C:/Claire RStudio/Final_project_repository/2024-01 and 2024-01 11West/11 west,2024-01-05 05-46-39 M 1_3.JPG,img,rabbit,0.87172,FALSE,0,861,132,1119,1152,2048,2024-01-05 05:46:39,2024-01-05 05:46:39,2024-01-05 05:46:39,,,,,RECONYX,HYPERFIRE 2 COVERT,25,300,2,2,72.0,72.0,b'0220',b'\x01\x02\x03\x00',b'0100',1,2048,200,1152,0,1,3,0.016666666666666666,,,,
C:/Claire RStudio/Final_project_repository/2024-01 and 2024-01 11West/11 west,2024-01-05 05-46-40 M 2_3.JPG,img,unidentified animal,0.796,FALSE,0,864,126,1118,1152,2048,2024-01-05 05:46:40,2024-01-05 05:46:40,2024-01-05 05:46:40,,,,,RECONYX,HYPERFIRE 2 COVERT,25,300,2,2,72.0,72.0,b'0220',b'\x01\x02\x03\x00',b'0100',1,2048,200,1152,0,1,3,0.016666666666666666,,,,
C:/Claire RStudio/Final_project_repository/2024-01 and 2024-01 11West/11 west,2024-01-05 05-46-41 M 3_3.JPG,img,rabbit,0.99949,FALSE,0,827,174,1118,1152,2048,2024-01-05 05:46:41,2024-01-05 05:46:41,2024-01-05 05:46:41,,,,,RECONYX,HYPERFIRE 2 COVERT,25,300,2,2,72.0,72.0,b'0220',b'\x01\x02\x03\x00',b'0100',1,2048,200,1152,0,1,3,0.016666666666666666,,,,
C:/Claire RStudio/Final_project_repository/2024-01 and 2024-01 11West/11 west,2024-01-05 15-19-59 M 1_3.JPG,img,person,0.963,FALSE,2,31,1269,1118,1152,2048,2024-01-05 15:19:59,2024-01-05 15:19:59,2024-01-05 15:19:59,,,,,RECONYX,HYPERFIRE 2 COVERT,24,300,2,2,72.0,72.0,b'0220',b'\x01\x02\x03\x00',b'0100',1,2048,100,1152,0,1,0,0.0015625,,,,
C:/Claire RStudio/Final_project_repository/2024-01 and 2024-01 11West/11 west,2024-01-05 15-20-00 M 2_3.JPG,img,person,0.483,FALSE,0,31,928,695,1152,2048,2024-01-05 15:20:00,2024-01-05 15:20:00,2024-01-05 15:20:00,,,,,RECONYX,HYPERFIRE 2 COVERT,24,300,2,2,72.0,72.0,b'0220',b'\x01\x02\x03\x00',b'0100',1,2048,100,1152,0,1,0,0.0010416666666666667,,,,
C:/Claire RStudio/Final_project_repository/2024-01 and 2024-01 11West/11 west,2024-01-05 15-20-01 M 3_3.JPG,img,person,0.614,FALSE,0,33,1110,904,1152,2048,2024-01-05 15:20:01,2024-01-05 15:20:01,2024-01-05 15:20:01,,,,,RECONYX,HYPERFIRE 2 COVERT,24,300,2,2,72.0,72.0,b'0220',b'\x01\x02\x03\x00',b'0100',1,2048,100,1152,0,1,0,0.00125,,,,
C:/Claire RStudio/Final_project_repository/2024-01 and 2024-01 11West/11 west,2024-01-05 15-20-02 M 1_3.JPG,img,unidentified animal,0.476,FALSE,1248,945,1993,1119,1152,2048,2024-01-05 15:20:02,2024-01-05 15:20:02,2024-01-05 15:20:02,,,,,RECONYX,HYPERFIRE 2 COVERT,24,300,2,2,72.0,72.0,b'0220',b'\x01\x02\x03\x00',b'0100',1,2048,100,1152,0,1,0,0.0035416666666666665,,,,
C:/Claire RStudio/Final_project_repository/2024-01 and 2024-01 11West/11 west,2024-01-05 15-20-02 M 1_3.JPG,img,person,0.563,FALSE,1,31,2042,1117,1152,2048,2024-01-05 15:20:02,2024-01-05 15:20:02,2024-01-05 15:20:02,,,,,RECONYX,HYPERFIRE 2 COVERT,24,300,2,2,72.0,72.0,b'0220',b'\x01\x02\x03\x00',b'0100',1,2048,100,1152,0,1,0,0.0035416666666666665,,,,
C:/Claire RStudio/Final_project_repository/2024-01 and 2024-01 11West/11 west,2024-01-05 15-20-50 M 1_3.JPG,img,person,0.968,FALSE,1,31,1128,744,1152,2048,2024-01-05 15:20:50,2024-01-05 15:20:50,2024-01-05 15:20:50,,,,,RECONYX,HYPERFIRE 2 COVERT,24,300,2,2,72.0,72.0,b'0220',b'\x01\x02\x03\x00',b'0100',1,2048,100,1152,0,1,0,0.0014583333333333334,,,,
C:/Claire RStudio/Final_project_repository/2024-01 and 2024-01 11West/11 west,2024-01-05 15-20-50 M 2_3.JPG,img,person,0.955,FALSE,1,32,1153,742,1152,2048,2024-01-05 15:20:50,2024-01-05 15:20:50,2024-01-05 15:20:50,,,,,RECONYX,HYPERFIRE 2 COVERT,24,300,2,2,72.0,72.0,b'0220',b'\x01\x02\x03\x00',b'0100',1,2048,100,1152,0,1,0,0.0014583333333333334,,,,
C:/Claire RStudio/Final_project_repository/2024-01 and 2024-01 11West/11 west,2024-01-05 15-20-51 M 3_3.JPG,img,person,0.958,FALSE,0,33,813,744,1152,2048,2024-01-05 15:20:51,2024-01-05 15:20:51,2024-01-05 15:20:51,,,,,RECONYX,HYPERFIRE 2 COVERT,24,300,2,2,72.0,72.0,b'0220',b'\x01\x02\x03\x00',b'0100',1,2048,100,1152,0,1,0,0.0014583333333333334,,,,
C:/Claire RStudio/Final_project_repository/2024-01 and 2024-01 11West/11 west,2024-01-05 15-20-52 M 1_3.JPG,img,person,0.961,FALSE,0,32,727,744,1152,2048,2024-01-05 15:20:52,2024-01-05 15:20:52,2024-01-05 15:20:52,,,,,RECONYX,HYPERFIRE 2 COVERT,24,300,2,2,72.0,72.0,b'0220',b'\x01\x02\x03\x00',b'0100',1,2048,100,1152,0,1,0,0.0015625,,,,
C:/Claire RStudio/Final_project_repository/2024-01 and 2024-01 11West/11 west,2024-01-05 15-25-19 M 1_3.JPG,img,person,0.847,FALSE,1409,133,1636,577,1152,2048,2024-01-05 15:25:19,2024-01-05 15:25:19,2024-01-05 15:25:19,,,,,RECONYX,HYPERFIRE 2 COVERT,24,300,2,2,72.0,72.0,b'0220',b'\x01\x02\x03\x00',b'0100',1,2048,100,1152,0,1,0,0.0014583333333333334,,,,
C:/Claire RStudio/Final_project_repository/2024-01 and 2024-01 11West/11 west,2024-01-05 15-25-20 M 2_3.JPG,img,person,0.815,FALSE,1163,126,1401,653,1152,2048,2024-01-05 15:25:20,2024-01-05 15:25:20,2024-01-05 15:25:20,,,,,RECONYX,HYPERFIRE 2 COVERT,24,300,2,2,72.0,72.0,b'0220',b'\x01\x02\x03\x00',b'0100',1,2048,100,1152,0,1,0,0.0014583333333333334,,,,
C:/Claire RStudio/Final_project_repository/2024-01 and 2024-01 11West/11 west,2024-01-05 15-25-20 M 3_3.JPG,img,person,0.818,FALSE,847,127,1100,560,1152,2048,2024-01-05 15:25:20,2024-01-05 15:25:20,2024-01-05 15:25:20,,,,,RECONYX,HYPERFIRE 2 COVERT,24,300,2,2,72.0,72.0,b'0220',b'\x01\x02\x03\x00',b'0100',1,2048,100,1152,0,1,0,0.0014583333333333334,,,,
C:/Claire RStudio/Final_project_repository/2024-01 and 2024-01 11West/11 west,2024-01-05 17-46-38 M 1_3.JPG,img,rodent,0.99236,FALSE,0,660,194,837,1152,2048,2024-01-05 17:46:38,2024-01-05 17:46:38,2024-01-05 17:46:38,,,,,RECONYX,HYPERFIRE 2 COVERT,25,300,2,2,72.0,72.0,b'0220',b'\x01\x02\x03\x00',b'0100',1,2048,100,1152,0,1,0,0.0071875,,,,
C:/Claire RStudio/Final_project_repository/2024-01 and 2024-01 11West/11 west,2024-01-05 17-46-40 M 2_3.JPG,img,rodent,0.99362,FALSE,0,661,194,832,1152,2048,2024-01-05 17:46:40,2024-01-05 17:46:40,2024-01-05 17:46:40,,,,,RECONYX,HYPERFIRE 2 COVERT,25,300,2,2,72.0,72.0,b'0220',b'\x01\x02\x03\x00',b'0100',1,2048,100,1152,0,1,0,0.0071875,,,,
C:/Claire RStudio/Final_project_repository/2024-01 and 2024-01 11West/11 west,2024-01-05 17-46-40 M 3_3.JPG,img,rodent,0.93192,FALSE,0,661,193,837,1152,2048,2024-01-05 17:46:40,2024-01-05 17:46:40,2024-01-05 17:46:40,,,,,RECONYX,HYPERFIRE 2 COVERT,25,300,2,2,72.0,72.0,b'0220',b'\x01\x02\x03\x00',b'0100',1,2048,100,1152,0,1,0,0.0071875,,,,
C:/Claire RStudio/Final_project_repository/2024-01 and 2024-01 11West/11 west,2024-01-05 17-46-45 M 1_3.JPG,img,rodent,0.99993,FALSE,230,610,677,754,1152,2048,2024-01-05 17:46:45,2024-01-05 17:46:45,2024-01-05 17:46:45,,,,,RECONYX,HYPERFIRE 2 COVERT,25,300,2,2,72.0,72.0,b'0220',b'\x01\x02\x03\x00',b'0100',1,2048,100,1152,0,1,0,0.0071875,,,,
C:/Claire RStudio/Final_project_repository/2024-01 and 2024-01 11West/11 west,2024-01-05 17-46-45 M 2_3.JPG,img,rodent,0.99993,FALSE,541,610,782,741,1152,2048,2024-01-05 17:46:45,2024-01-05 17:46:45,2024-01-05 17:46:45,,,,,RECONYX,HYPERFIRE 2 COVERT,25,300,2,2,72.0,72.0,b'0220',b'\x01\x02\x03\x00',b'0100',1,2048,100,1152,0,1,0,0.0071875,,,,
C:/Claire RStudio/Final_project_repository/2024-01 and 2024-01 11West/11 west,2024-01-05 17-46-46 M 3_3.JPG,img,rabbit,0.99673,FALSE,722,595,823,701,1152,2048,2024-01-05 17:46:46,2024-01-05 17:46:46,2024-01-05 17:46:46,,,,,RECONYX,HYPERFIRE 2 COVERT,25,300,2,2,72.0,72.0,b'0220',b'\x01\x02\x03\x00',b'0100',1,2048,100,1152,0,1,0,0.0071875,,,,
C:/Claire RStudio/Final_project_repository/2024-01 and 2024-01 11West/11 west,2024-01-05 17-46-48 M 1_3.JPG,img,rodent,0.9985,FALSE,263,651,574,775,1152,2048,2024-01-05 17:46:48,2024-01-05 17:46:48,2024-01-05 17:46:48,,,,,RECONYX,HYPERFIRE 2 COVERT,25,300,2,2,72.0,72.0,b'0220',b'\x01\x02\x03\x00',b'0100',1,2048,100,1152,0,1,0,0.0071875,,,,
C:/Claire RStudio/Final_project_repository/2024-01 and 2024-01 11West/11 west,2024-01-05 17-46-49 M 2_3.JPG,img,rodent,0.99637,FALSE,263,651,581,775,1152,2048,2024-01-05 17:46:49,2024-01-05 17:46:49,2024-01-05 17:46:49,,,,,RECONYX,HYPERFIRE 2 COVERT,25,300,2,2,72.0,72.0,b'0220',b'\x01\x02\x03\x00',b'0100',1,2048,100,1152,0,1,0,0.0071875,,,,
C:/Claire RStudio/Final_project_repository/2024-01 and 2024-01 11West/11 west,2024-01-05 18-13-34 M 1_3.JPG,img,rabbit,0.98481,FALSE,1818,716,2048,904,1152,2048,2024-01-05 18:13:34,2024-01-05 18:13:34,2024-01-05 18:13:34,,,,,RECONYX,HYPERFIRE 2 COVERT,25,300,2,2,72.0,72.0,b'0220',b'\x01\x02\x03\x00',b'0100',1,2048,100,1152,0,1,3,0.0075,,,,
C:/Claire RStudio/Final_project_repository/2024-01 and 2024-01 11West/11 west,2024-01-05 18-13-35 M 2_3.JPG,img,rodent,0.96598,FALSE,993,577,1290,785,1152,2048,2024-01-05 18:13:35,2024-01-05 18:13:35,2024-01-05 18:13:35,,,,,RECONYX,HYPERFIRE 2 COVERT,25,300,2,2,72.0,72.0,b'0220',b'\x01\x02\x03\x00',b'0100',1,2048,100,1152,0,1,3,0.0075,,,,
C:/Claire RStudio/Final_project_repository/2024-01 and 2024-01 11West/11 west,2024-01-05 18-13-36 M 3_3.JPG,img,rabbit,0.99911,FALSE,674,576,785,675,1152,2048,2024-01-05 18:13:36,2024-01-05 18:13:36,2024-01-05 18:13:36,,,,,RECONYX,HYPERFIRE 2 COVERT,25,300,2,2,72.0,72.0,b'0220',b'\x01\x02\x03\x00',b'0100',1,2048,100,1152,0,1,3,0.0075,,,,
C:/Claire RStudio/Final_project_repository/2024-01 and 2024-01 11West/11 west,2024-01-05 18-13-37 M 1_3.JPG,img,rodent,0.98376,FALSE,0,600,313,803,1152,2048,2024-01-05 18:13:37,2024-01-05 18:13:37,2024-01-05 18:13:37,,,,,RECONYX,HYPERFIRE 2 COVERT,25,300,2,2,72.0,72.0,b'0220',b'\x01\x02\x03\x00',b'0100',1,2048,100,1152,0,1,3,0.007395833333333333,,,,
C:/Claire RStudio/Final_project_repository/2024-01 and 2024-01 11West/11 west,2024-01-05 18-13-38 M 3_3.JPG,img,unidentified animal,0.39,FALSE,796,414,1004,683,1152,2048,2024-01-05 18:13:38,2024-01-05 18:13:38,2024-01-05 18:13:38,,,,,RECONYX,HYPERFIRE 2 COVERT,25,300,2,2,72.0,72.0,b'0220',b'\x01\x02\x03\x00',b'0100',1,2048,100,1152,0,1,3,0.007395833333333333,,,,
C:/Claire RStudio/Final_project_repository/2024-01 and 2024-01 11West/11 west,2024-01-05 18-13-41 M 1_3.JPG,img,rabbit,0.9972,FALSE,725,602,873,716,1152,2048,2024-01-05 18:13:41,2024-01-05 18:13:41,2024-01-05 18:13:41,,,,,RECONYX,HYPERFIRE 2 COVERT,25,300,2,2,72.0,72.0,b'0220',b'\x01\x02\x03\x00',b'0100',1,2048,100,1152,0,1,3,0.007395833333333333,,,,
C:/Claire RStudio/Final_project_repository/2024-01 and 2024-01 11West/11 west,2024-01-05 18-13-42 M 2_3.JPG,img,rodent,0.97368,FALSE,815,600,1051,711,1152,2048,2024-01-05 18:13:42,2024-01-05 18:13:42,2024-01-05 18:13:42,,,,,RECONYX,HYPERFIRE 2 COVERT,25,300,2,2,72.0,72.0,b'0220',b'\x01\x02\x03\x00',b'0100',1,2048,100,1152,0,1,3,0.007395833333333333,,,,
C:/Claire RStudio/Final_project_repository/2024-01 and 2024-01 11West/11 west,2024-01-05 18-13-43 M 3_3.JPG,img,rodent,0.99952,FALSE,1176,605,1595,720,1152,2048,2024-01-05 18:13:43,2024-01-05 18:13:43,2024-01-05 18:13:43,,,,,RECONYX,HYPERFIRE 2 COVERT,25,300,2,2,72.0,72.0,b'0220',b'\x01\x02\x03\x00',b'0100',1,2048,100,1152,0,1,3,0.007395833333333333,,,,
C:/Claire RStudio/Final_project_repository/2024-01 and 2024-01 11West/11 west,2024-01-05 18-19-58 M 1_3.JPG,img,rodent,0.99795,FALSE,0,625,371,758,1152,2048,2024-01-05 18:19:58,2024-01-05 18:19:58,2024-01-05 18:19:58,,,,,RECONYX,HYPERFIRE 2 COVERT,25,300,2,2,72.0,72.0,b'0220',b'\x01\x02\x03\x00',b'0100',1,2048,100,1152,0,1,3,0.0075,,,,
C:/Claire RStudio/Final_project_repository/2024-01 and 2024-01 11West/11 west,2024-01-05 18-19-58 M 2_3.JPG,img,rodent,0.99991,FALSE,218,618,551,750,1152,2048,2024-01-05 18:19:58,2024-01-05 18:19:58,2024-01-05 18:19:58,,,,,RECONYX,HYPERFIRE 2 COVERT,25,300,2,2,72.0,72.0,b'0220',b'\x01\x02\x03\x00',b'0100',1,2048,100,1152,0,1,3,0.0075,,,,
C:/Claire RStudio/Final_project_repository/2024-01 and 2024-01 11West/11 west,2024-01-05 18-19-59 M 3_3.JPG,img,rodent,0.52869,FALSE,425,532,635,676,1152,2048,2024-01-05 18:19:59,2024-01-05 18:19:59,2024-01-05 18:19:59,,,,,RECONYX,HYPERFIRE 2 COVERT,25,300,2,2,72.0,72.0,b'0220',b'\x01\x02\x03\x00',b'0100',1,2048,100,1152,0,1,3,0.0075,,,,
C:/Claire RStudio/Final_project_repository/2024-01 and 2024-01 11West/11 west,2024-01-05 18-20-02 M 1_3.JPG,img,rodent,0.99991,FALSE,1331,566,1522,808,1152,2048,2024-01-05 18:20:02,2024-01-05 18:20:02,2024-01-05 18:20:02,,,,,RECONYX,HYPERFIRE 2 COVERT,25,300,2,2,72.0,72.0,b'0220',b'\x01\x02\x03\x00',b'0100',1,2048,100,1152,0,1,3,0.0075,,,,
C:/Claire RStudio/Final_project_repository/2024-01 and 2024-01 11West/11 west,2024-01-05 18-20-03 M 2_3.JPG,img,rabbit,0.98924,FALSE,1334,598,1543,982,1152,2048,2024-01-05 18:20:03,2024-01-05 18:20:03,2024-01-05 18:20:03,,,,,RECONYX,HYPERFIRE 2 COVERT,25,300,2,2,72.0,72.0,b'0220',b'\x01\x02\x03\x00',b'0100',1,2048,100,1152,0,1,3,0.0075,,,,
C:/Claire RStudio/Final_project_repository/2024-01 and 2024-01 11West/11 west,2024-01-05 18-20-04 M 3_3.JPG,img,rabbit,0.99753,FALSE,1601,930,1975,1119,1152,2048,2024-01-05 18:20:04,2024-01-05 18:20:04,2024-01-05 18:20:04,,,,,RECONYX,HYPERFIRE 2 COVERT,25,300,2,2,72.0,72.0,b'0220',b'\x01\x02\x03\x00',b'0100',1,2048,100,1152,0,1,3,0.0075,,,,
C:/Claire RStudio/Final_project_repository/2024-01 and 2024-01 11West/11 west,2024-01-05 18-20-42 M 1_3.JPG,img,rodent,0.99963,FALSE,678,675,1253,846,1152,2048,2024-01-05 18:20:42,2024-01-05 18:20:42,2024-01-05 18:20:42,,,,,RECONYX,HYPERFIRE 2 COVERT,25,300,2,2,72.0,72.0,b'0220',b'\x01\x02\x03\x00',b'0100',1,2048,100,1152,0,1,3,0.0075,,,,
C:/Claire RStudio/Final_project_repository/2024-01 and 2024-01 11West/11 west,2024-01-05 18-20-42 M 2_3.JPG,img,rodent,0.99936,FALSE,751,676,1255,847,1152,2048,2024-01-05 18:20:42,2024-01-05 18:20:42,2024-01-05 18:20:42,,,,,RECONYX,HYPERFIRE 2 COVERT,25,300,2,2,72.0,72.0,b'0220',b'\x01\x02\x03\x00',b'0100',1,2048,100,1152,0,1,3,0.0075,,,,
C:/Claire RStudio/Final_project_repository/2024-01 and 2024-01 11West/11 west,2024-01-05 18-20-43 M 3_3.JPG,img,rabbit,0.78928,FALSE,1081,655,1211,815,1152,2048,2024-01-05 18:20:43,2024-01-05 18:20:43,2024-01-05 18:20:43,,,,,RECONYX,HYPERFIRE 2 COVERT,25,300,2,2,72.0,72.0,b'0220',b'\x01\x02\x03\x00',b'0100',1,2048,100,1152,0,1,3,0.0075,,,,
C:/Claire RStudio/Final_project_repository/2024-01 and 2024-01 11West/11 west,2024-01-05 18-20-46 M 1_3.JPG,img,rodent,0.99993,FALSE,805,598,1147,693,1152,2048,2024-01-05 18:20:46,2024-01-05 18:20:46,2024-01-05 18:20:46,,,,,RECONYX,HYPERFIRE 2 COVERT,25,300,2,2,72.0,72.0,b'0220',b'\x01\x02\x03\x00',b'0100',1,2048,100,1152,0,1,3,0.0075,,,,
C:/Claire RStudio/Final_project_repository/2024-01 and 2024-01 11West/11 west,2024-01-05 18-20-47 M 2_3.JPG,img,rodent,0.99996,FALSE,728,594,1065,698,1152,2048,2024-01-05 18:20:47,2024-01-05 18:20:47,2024-01-05 18:20:47,,,,,RECONYX,HYPERFIRE 2 COVERT,25,300,2,2,72.0,72.0,b'0220',b'\x01\x02\x03\x00',b'0100',1,2048,100,1152,0,1,3,0.0075,,,,
C:/Claire RStudio/Final_project_repository/2024-01 and 2024-01 11West/11 west,2024-01-05 18-20-47 M 3_3.JPG,img,rabbit,0.81997,FALSE,606,563,774,670,1152,2048,2024-01-05 18:20:47,2024-01-05 18:20:47,2024-01-05 18:20:47,,,,,RECONYX,HYPERFIRE 2 COVERT,25,300,2,2,72.0,72.0,b'0220',b'\x01\x02\x03\x00',b'0100',1,2048,100,1152,0,1,3,0.0075,,,,
C:/Claire RStudio/Final_project_repository/2024-01 and 2024-01 11West/11 west,2024-01-05 18-20-51 M 1_3.JPG,img,rodent,0.99695,FALSE,572,578,895,681,1152,2048,2024-01-05 18:20:51,2024-01-05 18:20:51,2024-01-05 18:20:51,,,,,RECONYX,HYPERFIRE 2 COVERT,25,300,2,2,72.0,72.0,b'0220',b'\x01\x02\x03\x00',b'0100',1,2048,100,1152,0,1,3,0.0075,,,,
C:/Claire RStudio/Final_project_repository/2024-01 and 2024-01 11West/11 west,2024-01-05 18-20-52 M 2_3.JPG,img,rabbit,0.58014,FALSE,854,611,969,732,1152,2048,2024-01-05 18:20:52,2024-01-05 18:20:52,2024-01-05 18:20:52,,,,,RECONYX,HYPERFIRE 2 COVERT,25,300,2,2,72.0,72.0,b'0220',b'\x01\x02\x03\x00',b'0100',1,2048,100,1152,0,1,3,0.0075,,,,
C:/Claire RStudio/Final_project_repository/2024-01 and 2024-01 11West/11 west,2024-01-05 18-20-52 M 3_3.JPG,img,unidentified animal,0.327,FALSE,797,415,1000,732,1152,2048,2024-01-05 18:20:52,2024-01-05 18:20:52,2024-01-05 18:20:52,,,,,RECONYX,HYPERFIRE 2 COVERT,25,300,2,2,72.0,72.0,b'0220',b'\x01\x02\x03\x00',b'0100',1,2048,100,1152,0,1,3,0.0075,,,,
C:/Claire RStudio/Final_project_repository/2024-01 and 2024-01 11West/11 west,2024-01-05 18-20-52 M 3_3.JPG,img,unidentified animal,0.337,FALSE,853,611,970,732,1152,2048,2024-01-05 18:20:52,2024-01-05 18:20:52,2024-01-05 18:20:52,,,,,RECONYX,HYPERFIRE 2 COVERT,25,300,2,2,72.0,72.0,b'0220',b'\x01\x02\x03\x00',b'0100',1,2048,100,1152,0,1,3,0.0075,,,,
C:/Claire RStudio/Final_project_repository/2024-01 and 2024-01 11West/11 west,2024-01-05 18-20-53 M 1_3.JPG,img,rodent,0.99538,FALSE,0,580,352,750,1152,2048,2024-01-05 18:20:53,2024-01-05 18:20:53,2024-01-05 18:20:53,,,,,RECONYX,HYPERFIRE 2 COVERT,25,300,2,2,72.0,72.0,b'0220',b'\x01\x02\x03\x00',b'0100',1,2048,100,1152,0,1,3,0.0075,,,,
C:/Claire RStudio/Final_project_repository/2024-01 and 2024-01 11West/11 west,2024-01-05 18-20-55 M 3_3.JPG,img,rabbit,0.998,FALSE,796,414,1005,683,1152,2048,2024-01-05 18:20:55,2024-01-05 18:20:55,2024-01-05 18:20:55,,,,,RECONYX,HYPERFIRE 2 COVERT,25,300,2,2,72.0,72.0,b'0220',b'\x01\x02\x03\x00',b'0100',1,2048,100,1152,0,1,3,0.0075,,,,
C:/Claire RStudio/Final_project_repository/2024-01 and 2024-01 11West/11 west,2024-01-05 18-24-38 M 1_3.JPG,img,rabbit,0.67211,FALSE,545,594,775,713,1152,2048,2024-01-05 18:24:38,2024-01-05 18:24:38,2024-01-05 18:24:38,,,,,RECONYX,HYPERFIRE 2 COVERT,25,300,2,2,72.0,72.0,b'0220',b'\x01\x02\x03\x00',b'0100',1,2048,100,1152,0,1,3,0.0075,,,,
C:/Claire RStudio/Final_project_repository/2024-01 and 2024-01 11West/11 west,2024-01-05 18-24-39 M 2_3.JPG,img,rodent,0.99693,FALSE,650,530,854,701,1152,2048,2024-01-05 18:24:39,2024-01-05 18:24:39,2024-01-05 18:24:39,,,,,RECONYX,HYPERFIRE 2 COVERT,25,300,2,2,72.0,72.0,b'0220',b'\x01\x02\x03\x00',b'0100',1,2048,100,1152,0,1,3,0.0075,,,,
C:/Claire RStudio/Final_project_repository/2024-01 and 2024-01 11West/11 west,2024-01-05 18-24-40 M 3_3.JPG,img,unidentified animal,0.345,FALSE,775,410,1004,690,1152,2048,2024-01-05 18:24:40,2024-01-05 18:24:40,2024-01-05 18:24:40,,,,,RECONYX,HYPERFIRE 2 COVERT,25,300,2,2,72.0,72.0,b'0220',b'\x01\x02\x03\x00',b'0100',1,2048,100,1152,0,1,3,0.0075,,,,
C:/Claire RStudio/Final_project_repository/2024-01 and 2024-01 11West/11 west,2024-01-05 18-24-40 M 3_3.JPG,img,rodent,0.58014,FALSE,746,441,886,698,1152,2048,2024-01-05 18:24:40,2024-01-05 18:24:40,2024-01-05 18:24:40,,,,,RECONYX,HYPERFIRE 2 COVERT,25,300,2,2,72.0,72.0,b'0220',b'\x01\x02\x03\x00',b'0100',1,2048,100,1152,0,1,3,0.0075,,,,
C:/Claire RStudio/Final_project_repository/2024-01 and 2024-01 11West/11 west,2024-01-05 18-24-41 M 1_3.JPG,img,rodent,0.98905,FALSE,1007,597,1376,708,1152,2048,2024-01-05 18:24:41,2024-01-05 18:24:41,2024-01-05 18:24:41,,,,,RECONYX,HYPERFIRE 2 COVERT,25,300,2,2,72.0,72.0,b'0220',b'\x01\x02\x03\x00',b'0100',1,2048,100,1152,0,1,3,0.0075,,,,
C:/Claire RStudio/Final_project_repository/2024-01 and 2024-01 11West/11 west,2024-01-05 18-24-41 M 2_3.JPG,img,rodent,0.87705,FALSE,1054,590,1413,707,1152,2048,2024-01-05 18:24:41,2024-01-05 18:24:41,2024-01-05 18:24:41,,,,,RECONYX,HYPERFIRE 2 COVERT,25,300,2,2,72.0,72.0,b'0220',b'\x01\x02\x03\x00',b'0100',1,2048,100,1152,0,1,3,0.0075,,,,
C:/Claire RStudio/Final_project_repository/2024-01 and 2024-01 11West/11 west,2024-01-05 18-24-42 M 3_3.JPG,img,rodent,0.99674,FALSE,1495,571,1895,751,1152,2048,2024-01-05 18:24:42,2024-01-05 18:24:42,2024-01-05 18:24:42,,,,,RECONYX,HYPERFIRE 2 COVERT,25,300,2,2,72.0,72.0,b'0220',b'\x01\x02\x03\x00',b'0100',1,2048,100,1152,0,1,3,0.0075,,,,
C:/Claire RStudio/Final_project_repository/2024-01 and 2024-01 11West/11 west,2024-01-05 18-24-44 M 1_3.JPG,img,unidentified animal,0.354,FALSE,796,413,1005,683,1152,2048,2024-01-05 18:24:44,2024-01-05 18:24:44,2024-01-05 18:24:44,,,,,RECONYX,HYPERFIRE 2 COVERT,25,300,2,2,72.0,72.0,b'0220',b'\x01\x02\x03\x00',b'0100',1,2048,100,1152,0,1,3,0.0075,,,,
C:/Claire RStudio/Final_project_repository/2024-01 and 2024-01 11West/11 west,2024-01-05 18-24-45 M 2_3.JPG,img,rabbit,0.99823,FALSE,797,413,1005,683,1152,2048,2024-01-05 18:24:45,2024-01-05 18:24:45,2024-01-05 18:24:45,,,,,RECONYX,HYPERFIRE 2 COVERT,25,300,2,2,72.0,72.0,b'0220',b'\x01\x02\x03\x00',b'0100',1,2048,100,1152,0,1,3,0.0075,,,,
C:/Claire RStudio/Final_project_repository/2024-01 and 2024-01 11West/11 west,2024-01-05 18-40-01 M 1_3.JPG,img,rabbit,0.9992,FALSE,637,598,758,709,1152,2048,2024-01-05 18:40:01,2024-01-05 18:40:01,2024-01-05 18:40:01,,,,,RECONYX,HYPERFIRE 2 COVERT,25,300,2,2,72.0,72.0,b'0220',b'\x01\x02\x03\x00',b'0100',1,2048,100,1152,0,1,3,0.0075,,,,
C:/Claire RStudio/Final_project_repository/2024-01 and 2024-01 11West/11 west,2024-01-05 18-40-01 M 2_3.JPG,img,rabbit,0.99784,FALSE,628,597,766,711,1152,2048,2024-01-05 18:40:01,2024-01-05 18:40:01,2024-01-05 18:40:01,,,,,RECONYX,HYPERFIRE 2 COVERT,25,300,2,2,72.0,72.0,b'0220',b'\x01\x02\x03\x00',b'0100',1,2048,100,1152,0,1,3,0.0075,,,,
C:/Claire RStudio/Final_project_repository/2024-01 and 2024-01 11West/11 west,2024-01-05 18-40-02 M 3_3.JPG,img,rodent,0.92804,FALSE,536,593,790,711,1152,2048,2024-01-05 18:40:02,2024-01-05 18:40:02,2024-01-05 18:40:02,,,,,RECONYX,HYPERFIRE 2 COVERT,25,300,2,2,72.0,72.0,b'0220',b'\x01\x02\x03\x00',b'0100',1,2048,100,1152,0,1,3,0.0075,,,,
C:/Claire RStudio/Final_project_repository/2024-01 and 2024-01 11West/11 west,2024-01-05 18-40-06 M 1_3.JPG,img,rodent,0.99692,FALSE,596,589,891,692,1152,2048,2024-01-05 18:40:06,2024-01-05 18:40:06,2024-01-05 18:40:06,,,,,RECONYX,HYPERFIRE 2 COVERT,25,300,2,2,72.0,72.0,b'0220',b'\x01\x02\x03\x00',b'0100',1,2048,100,1152,0,1,3,0.0075,,,,
C:/Claire RStudio/Final_project_repository/2024-01 and 2024-01 11West/11 west,2024-01-05 18-40-06 M 2_3.JPG,img,rodent,0.63824,FALSE,1009,605,1355,708,1152,2048,2024-01-05 18:40:06,2024-01-05 18:40:06,2024-01-05 18:40:06,,,,,RECONYX,HYPERFIRE 2 COVERT,25,300,2,2,72.0,72.0,b'0220',b'\x01\x02\x03\x00',b'0100',1,2048,100,1152,0,1,3,0.0075,,,,
C:/Claire RStudio/Final_project_repository/2024-01 and 2024-01 11West/11 west,2024-01-05 18-40-07 M 3_3.JPG,img,rodent,0.99369,FALSE,1003,598,1284,717,1152,2048,2024-01-05 18:40:07,2024-01-05 18:40:07,2024-01-05 18:40:07,,,,,RECONYX,HYPERFIRE 2 COVERT,25,300,2,2,72.0,72.0,b'0220',b'\x01\x02\x03\x00',b'0100',1,2048,100,1152,0,1,3,0.0075,,,,
C:/Claire RStudio/Final_project_repository/2024-01 and 2024-01 11West/11 west,2024-01-05 18-40-10 M 1_3.JPG,img,rodent,0.83411,FALSE,1637,551,2035,718,1152,2048,2024-01-05 18:40:10,2024-01-05 18:40:10,2024-01-05 18:40:10,,,,,RECONYX,HYPERFIRE 2 COVERT,25,300,2,2,72.0,72.0,b'0220',b'\x01\x02\x03\x00',b'0100',1,2048,100,1152,0,1,3,0.0075,,,,
C:/Claire RStudio/Final_project_repository/2024-01 and 2024-01 11West/11 west,2024-01-05 19-02-38 M 1_3.JPG,img,rodent,0.98605,FALSE,2,593,386,741,1152,2048,2024-01-05 19:02:38,2024-01-05 19:02:38,2024-01-05 19:02:38,,,,,RECONYX,HYPERFIRE 2 COVERT,25,300,2,2,72.0,72.0,b'0220',b'\x01\x02\x03\x00',b'0100',1,2048,100,1152,0,1,3,0.0075,,,,
C:/Claire RStudio/Final_project_repository/2024-01 and 2024-01 11West/11 west,2024-01-05 19-02-38 M 2_3.JPG,img,rodent,0.96563,FALSE,73,614,405,744,1152,2048,2024-01-05 19:02:38,2024-01-05 19:02:38,2024-01-05 19:02:38,,,,,RECONYX,HYPERFIRE 2 COVERT,25,300,2,2,72.0,72.0,b'0220',b'\x01\x02\x03\x00',b'0100',1,2048,100,1152,0,1,3,0.0075,,,,
C:/Claire RStudio/Final_project_repository/2024-01 and 2024-01 11West/11 west,2024-01-05 19-02-39 M 3_3.JPG,img,rodent,0.9971,FALSE,139,619,585,756,1152,2048,2024-01-05 19:02:39,2024-01-05 19:02:39,2024-01-05 19:02:39,,,,,RECONYX,HYPERFIRE 2 COVERT,25,300,2,2,72.0,72.0,b'0220',b'\x01\x02\x03\x00',b'0100',1,2048,100,1152,0,1,3,0.0075,,,,
C:/Claire RStudio/Final_project_repository/2024-01 and 2024-01 11West/11 west,2024-01-05 19-02-41 M 1_3.JPG,img,rodent,0.99323,FALSE,309,614,685,750,1152,2048,2024-01-05 19:02:41,2024-01-05 19:02:41,2024-01-05 19:02:41,,,,,RECONYX,HYPERFIRE 2 COVERT,25,300,2,2,72.0,72.0,b'0220',b'\x01\x02\x03\x00',b'0100',1,2048,100,1152,0,1,3,0.0075,,,,
C:/Claire RStudio/Final_project_repository/2024-01 and 2024-01 11West/11 west,2024-01-05 19-02-42 M 2_3.JPG,img,rodent,0.97235,FALSE,812,581,1180,801,1152,2048,2024-01-05 19:02:42,2024-01-05 19:02:42,2024-01-05 19:02:42,,,,,RECONYX,HYPERFIRE 2 COVERT,25,300,2,2,72.0,72.0,b'0220',b'\x01\x02\x03\x00',b'0100',1,2048,100,1152,0,1,3,0.0075,,,,
C:/Claire RStudio/Final_project_repository/2024-01 and 2024-01 11West/11 west,2024-01-05 19-02-42 M 3_3.JPG,img,rabbit,0.99827,FALSE,796,412,1004,683,1152,2048,2024-01-05 19:02:42,2024-01-05 19:02:42,2024-01-05 19:02:42,,,,,RECONYX,HYPERFIRE 2 COVERT,25,300,2,2,72.0,72.0,b'0220',b'\x01\x02\x03\x00',b'0100',1,2048,100,1152,0,1,3,0.0075,,,,
C:/Claire RStudio/Final_project_repository/2024-01 and 2024-01 11West/11 west,2024-01-05 19-23-42 M 1_3.JPG,img,rodent,0.99927,FALSE,210,588,546,726,1152,2048,2024-01-05 19:23:42,2024-01-05 19:23:42,2024-01-05 19:23:42,,,,,RECONYX,HYPERFIRE 2 COVERT,25,300,2,2,72.0,72.0,b'0220',b'\x01\x02\x03\x00',b'0100',1,2048,100,1152,0,1,3,0.0075,,,,
C:/Claire RStudio/Final_project_repository/2024-01 and 2024-01 11West/11 west,2024-01-05 19-23-43 M 2_3.JPG,img,rodent,0.97817,FALSE,276,595,570,726,1152,2048,2024-01-05 19:23:43,2024-01-05 19:23:43,2024-01-05 19:23:43,,,,,RECONYX,HYPERFIRE 2 COVERT,25,300,2,2,72.0,72.0,b'0220',b'\x01\x02\x03\x00',b'0100',1,2048,100,1152,0,1,3,0.0075,,,,
C:/Claire RStudio/Final_project_repository/2024-01 and 2024-01 11West/11 west,2024-01-05 19-23-43 M 3_3.JPG,img,rodent,0.92922,FALSE,409,567,814,707,1152,2048,2024-01-05 19:23:43,2024-01-05 19:23:43,2024-01-05 19:23:43,,,,,RECONYX,HYPERFIRE 2 COVERT,25,300,2,2,72.0,72.0,b'0220',b'\x01\x02\x03\x00',b'0100',1,2048,100,1152,0,1,3,0.0075,,,,
C:/Claire RStudio/Final_project_repository/2024-01 and 2024-01 11West/11 west,2024-01-05 19-23-44 M 1_3.JPG,img,unidentified animal,0.359,FALSE,795,412,1050,690,1152,2048,2024-01-05 19:23:44,2024-01-05 19:23:44,2024-01-05 19:23:44,,,,,RECONYX,HYPERFIRE 2 COVERT,25,300,2,2,72.0,72.0,b'0220',b'\x01\x02\x03\x00',b'0100',1,2048,100,1152,0,1,3,0.007395833333333333,,,,
C:/Claire RStudio/Final_project_repository/2024-01 and 2024-01 11West/11 west,2024-01-05 19-23-44 M 1_3.JPG,img,rodent,0.83689,FALSE,913,587,1050,690,1152,2048,2024-01-05 19:23:44,2024-01-05 19:23:44,2024-01-05 19:23:44,,,,,RECONYX,HYPERFIRE 2 COVERT,25,300,2,2,72.0,72.0,b'0220',b'\x01\x02\x03\x00',b'0100',1,2048,100,1152,0,1,3,0.007395833333333333,,,,
C:/Claire RStudio/Final_project_repository/2024-01 and 2024-01 11West/11 west,2024-01-05 19-23-45 M 2_3.JPG,img,rabbit,0.99829,FALSE,970,586,1069,693,1152,2048,2024-01-05 19:23:45,2024-01-05 19:23:45,2024-01-05 19:23:45,,,,,RECONYX,HYPERFIRE 2 COVERT,25,300,2,2,72.0,72.0,b'0220',b'\x01\x02\x03\x00',b'0100',1,2048,100,1152,0,1,3,0.007395833333333333,,,,
C:/Claire RStudio/Final_project_repository/2024-01 and 2024-01 11West/11 west,2024-01-05 19-23-45 M 3_3.JPG,img,rabbit,0.99851,FALSE,970,586,1068,693,1152,2048,2024-01-05 19:23:45,2024-01-05 19:23:45,2024-01-05 19:23:45,,,,,RECONYX,HYPERFIRE 2 COVERT,25,300,2,2,72.0,72.0,b'0220',b'\x01\x02\x03\x00',b'0100',1,2048,100,1152,0,1,3,0.007395833333333333,,,,
C:/Claire RStudio/Final_project_repository/2024-01 and 2024-01 11West/11 west,2024-01-05 19-24-46 M 2_3.JPG,img,rabbit,0.99893,FALSE,0,638,111,844,1152,2048,2024-01-05 19:24:46,2024-01-05 19:24:46,2024-01-05 19:24:46,,,,,RECONYX,HYPERFIRE 2 COVERT,25,300,2,2,72.0,72.0,b'0220',b'\x01\x02\x03\x00',b'0100',1,2048,100,1152,0,1,3,0.0075,,,,
C:/Claire RStudio/Final_project_repository/2024-01 and 2024-01 11West/11 west,2024-01-05 19-24-47 M 3_3.JPG,img,rodent,0.97884,FALSE,0,635,153,838,1152,2048,2024-01-05 19:24:47,2024-01-05 19:24:47,2024-01-05 19:24:47,,,,,RECONYX,HYPERFIRE 2 COVERT,25,300,2,2,72.0,72.0,b'0220',b'\x01\x02\x03\x00',b'0100',1,2048,100,1152,0,1,3,0.0075,,,,
C:/Claire RStudio/Final_project_repository/2024-01 and 2024-01 11West/11 west,2024-01-05 19-24-49 M 1_3.JPG,img,rodent,0.99232,FALSE,393,739,764,982,1152,2048,2024-01-05 19:24:49,2024-01-05 19:24:49,2024-01-05 19:24:49,,,,,RECONYX,HYPERFIRE 2 COVERT,25,300,2,2,72.0,72.0,b'0220',b'\x01\x02\x03\x00',b'0100',1,2048,100,1152,0,1,3,0.006354166666666667,,,,
C:/Claire RStudio/Final_project_repository/2024-01 and 2024-01 11West/11 west,2024-01-05 19-24-49 M 2_3.JPG,img,rodent,0.99878,FALSE,395,713,772,946,1152,2048,2024-01-05 19:24:49,2024-01-05 19:24:49,2024-01-05 19:24:49,,,,,RECONYX,HYPERFIRE 2 COVERT,25,300,2,2,72.0,72.0,b'0220',b'\x01\x02\x03\x00',b'0100',1,2048,100,1152,0,1,3,0.006354166666666667,,,,
C:/Claire RStudio/Final_project_repository/2024-01 and 2024-01 11West/11 west,2024-01-05 19-24-50 M 3_3.JPG,img,rodent,0.55173,FALSE,545,707,766,939,1152,2048,2024-01-05 19:24:50,2024-01-05 19:24:50,2024-01-05 19:24:50,,,,,RECONYX,HYPERFIRE 2 COVERT,25,300,2,2,72.0,72.0,b'0220',b'\x01\x02\x03\x00',b'0100',1,2048,100,1152,0,1,3,0.006354166666666667,,,,
C:/Claire RStudio/Final_project_repository/2024-01 and 2024-01 11West/11 west,2024-01-05 19-24-52 M 1_3.JPG,img,rodent,0.99683,FALSE,40,686,646,993,1152,2048,2024-01-05 19:24:52,2024-01-05 19:24:52,2024-01-05 19:24:52,,,,,RECONYX,HYPERFIRE 2 COVERT,25,300,2,2,72.0,72.0,b'0220',b'\x01\x02\x03\x00',b'0100',1,2048,100,1152,0,1,3,0.0075,,,,
C:/Claire RStudio/Final_project_repository/2024-01 and 2024-01 11West/11 west,2024-01-05 19-24-53 M 2_3.JPG,img,rodent,0.99243,FALSE,0,761,648,997,1152,2048,2024-01-05 19:24:53,2024-01-05 19:24:53,2024-01-05 19:24:53,,,,,RECONYX,HYPERFIRE 2 COVERT,25,300,2,2,72.0,72.0,b'0220',b'\x01\x02\x03\x00',b'0100',1,2048,100,1152,0,1,3,0.0075,,,,
C:/Claire RStudio/Final_project_repository/2024-01 and 2024-01 11West/11 west,2024-01-05 19-24-53 M 3_3.JPG,img,rodent,0.99912,FALSE,0,728,383,946,1152,2048,2024-01-05 19:24:53,2024-01-05 19:24:53,2024-01-05 19:24:53,,,,,RECONYX,HYPERFIRE 2 COVERT,25,300,2,2,72.0,72.0,b'0220',b'\x01\x02\x03\x00',b'0100',1,2048,100,1152,0,1,3,0.0075,,,,
C:/Claire RStudio/Final_project_repository/2024-01 and 2024-01 11West/11 west,2024-01-05 19-24-55 M 1_3.JPG,img,unidentified animal,0.365,FALSE,0,774,267,856,1152,2048,2024-01-05 19:24:55,2024-01-05 19:24:55,2024-01-05 19:24:55,,,,,RECONYX,HYPERFIRE 2 COVERT,25,300,2,2,72.0,72.0,b'0220',b'\x01\x02\x03\x00',b'0100',1,2048,100,1152,0,1,3,0.0075,,,,
C:/Claire RStudio/Final_project_repository/2024-01 and 2024-01 11West/11 west,2024-01-05 19-25-32 M 1_3.JPG,img,rabbit,0.99941,FALSE,1941,663,2048,805,1152,2048,2024-01-05 19:25:32,2024-01-05 19:25:32,2024-01-05 19:25:32,,,,,RECONYX,HYPERFIRE 2 COVERT,25,300,2,2,72.0,72.0,b'0220',b'\x01\x02\x03\x00',b'0100',1,2048,100,1152,0,1,3,0.0075,,,,
C:/Claire RStudio/Final_project_repository/2024-01 and 2024-01 11West/11 west,2024-01-05 19-25-32 M 2_3.JPG,img,rabbit,0.92048,FALSE,1879,651,2048,792,1152,2048,2024-01-05 19:25:32,2024-01-05 19:25:32,2024-01-05 19:25:32,,,,,RECONYX,HYPERFIRE 2 COVERT,25,300,2,2,72.0,72.0,b'0220',b'\x01\x02\x03\x00',b'0100',1,2048,100,1152,0,1,3,0.0075,,,,
C:/Claire RStudio/Final_project_repository/2024-01 and 2024-01 11West/11 west,2024-01-05 19-25-33 M 3_3.JPG,img,rodent,0.56498,FALSE,1881,651,2048,790,1152,2048,2024-01-05 19:25:33,2024-01-05 19:25:33,2024-01-05 19:25:33,,,,,RECONYX,HYPERFIRE 2 COVERT,25,300,2,2,72.0,72.0,b'0220',b'\x01\x02\x03\x00',b'0100',1,2048,100,1152,0,1,3,0.0075,,,,
C:/Claire RStudio/Final_project_repository/2024-01 and 2024-01 11West/11 west,2024-01-05 19-25-34 M 1_3.JPG,img,rabbit,0.92255,FALSE,1851,631,2048,791,1152,2048,2024-01-05 19:25:34,2024-01-05 19:25:34,2024-01-05 19:25:34,,,,,RECONYX,HYPERFIRE 2 COVERT,25,300,2,2,72.0,72.0,b'0220',b'\x01\x02\x03\x00',b'0100',1,2048,100,1152,0,1,3,0.0075,,,,
C:/Claire RStudio/Final_project_repository/2024-01 and 2024-01 11West/11 west,2024-01-05 19-25-35 M 2_3.JPG,img,rabbit,0.89877,FALSE,1852,630,2048,790,1152,2048,2024-01-05 19:25:35,2024-01-05 19:25:35,2024-01-05 19:25:35,,,,,RECONYX,HYPERFIRE 2 COVERT,25,300,2,2,72.0,72.0,b'0220',b'\x01\x02\x03\x00',b'0100',1,2048,100,1152,0,1,3,0.0075,,,,
C:/Claire RStudio/Final_project_repository/2024-01 and 2024-01 11West/11 west,2024-01-05 19-25-36 M 3_3.JPG,img,rabbit,0.9562,FALSE,1922,648,2048,782,1152,2048,2024-01-05 19:25:36,2024-01-05 19:25:36,2024-01-05 19:25:36,,,,,RECONYX,HYPERFIRE 2 COVERT,25,300,2,2,72.0,72.0,b'0220',b'\x01\x02\x03\x00',b'0100',1,2048,100,1152,0,1,3,0.0075,,,,
C:/Claire RStudio/Final_project_repository/2024-01 and 2024-01 11West/11 west,2024-01-05 19-25-37 M 1_3.JPG,img,rabbit,0.99442,FALSE,1924,647,2048,779,1152,2048,2024-01-05 19:25:37,2024-01-05 19:25:37,2024-01-05 19:25:37,,,,,RECONYX,HYPERFIRE 2 COVERT,25,300,2,2,72.0,72.0,b'0220',b'\x01\x02\x03\x00',b'0100',1,2048,100,1152,0,1,3,0.0075,,,,
C:/Claire RStudio/Final_project_repository/2024-01 and 2024-01 11West/11 west,2024-01-05 19-25-37 M 2_3.JPG,img,rabbit,0.99108,FALSE,1924,649,2048,780,1152,2048,2024-01-05 19:25:37,2024-01-05 19:25:37,2024-01-05 19:25:37,,,,,RECONYX,HYPERFIRE 2 COVERT,25,300,2,2,72.0,72.0,b'0220',b'\x01\x02\x03\x00',b'0100',1,2048,100,1152,0,1,3,0.0075,,,,
C:/Claire RStudio/Final_project_repository/2024-01 and 2024-01 11West/11 west,2024-01-05 19-25-38 M 3_3.JPG,img,rabbit,0.99193,FALSE,1924,649,2048,780,1152,2048,2024-01-05 19:25:38,2024-01-05 19:25:38,2024-01-05 19:25:38,,,,,RECONYX,HYPERFIRE 2 COVERT,25,300,2,2,72.0,72.0,b'0220',b'\x01\x02\x03\x00',b'0100',1,2048,100,1152,0,1,3,0.0075,,,,
C:/Claire RStudio/Final_project_repository/2024-01 and 2024-01 11West/11 west,2024-01-05 19-25-39 M 2_3.JPG,img,unidentified animal,0.338,FALSE,796,413,1004,682,1152,2048,2024-01-05 19:25:39,2024-01-05 19:25:39,2024-01-05 19:25:39,,,,,RECONYX,HYPERFIRE 2 COVERT,25,300,2,2,72.0,72.0,b'0220',b'\x01\x02\x03\x00',b'0100',1,2048,100,1152,0,1,3,0.0075,,,,
C:/Claire RStudio/Final_project_repository/2024-01 and 2024-01 11West/11 west,2024-01-05 19-25-40 M 3_3.JPG,img,unidentified animal,0.327,FALSE,796,412,1004,682,1152,2048,2024-01-05 19:25:40,2024-01-05 19:25:40,2024-01-05 19:25:40,,,,,RECONYX,HYPERFIRE 2 COVERT,25,300,2,2,72.0,72.0,b'0220',b'\x01\x02\x03\x00',b'0100',1,2048,100,1152,0,1,3,0.0075,,,,
C:/Claire RStudio/Final_project_repository/2024-01 and 2024-01 11West/11 west,2024-01-05 20-02-58 M 1_3.JPG,img,rodent,0.99789,FALSE,415,564,717,670,1152,2048,2024-01-05 20:02:58,2024-01-05 20:02:58,2024-01-05 20:02:58,,,,,RECONYX,HYPERFIRE 2 COVERT,25,300,2,2,72.0,72.0,b'0220',b'\x01\x02\x03\x00',b'0100',1,2048,100,1152,0,1,3,0.0075,,,,
C:/Claire RStudio/Final_project_repository/2024-01 and 2024-01 11West/11 west,2024-01-05 20-02-58 M 2_3.JPG,img,rodent,0.9958,FALSE,434,564,682,669,1152,2048,2024-01-05 20:02:58,2024-01-05 20:02:58,2024-01-05 20:02:58,,,,,RECONYX,HYPERFIRE 2 COVERT,25,300,2,2,72.0,72.0,b'0220',b'\x01\x02\x03\x00',b'0100',1,2048,100,1152,0,1,3,0.0075,,,,
C:/Claire RStudio/Final_project_repository/2024-01 and 2024-01 11West/11 west,2024-01-05 20-02-59 M 3_3.JPG,img,rodent,0.86195,FALSE,498,571,800,673,1152,2048,2024-01-05 20:02:59,2024-01-05 20:02:59,2024-01-05 20:02:59,,,,,RECONYX,HYPERFIRE 2 COVERT,25,300,2,2,72.0,72.0,b'0220',b'\x01\x02\x03\x00',b'0100',1,2048,100,1152,0,1,3,0.0075,,,,
C:/Claire RStudio/Final_project_repository/2024-01 and 2024-01 11West/11 west,2024-01-05 20-03-00 M 1_3.JPG,img,rabbit,0.6825,FALSE,694,414,1024,689,1152,2048,2024-01-05 20:03:00,2024-01-05 20:03:00,2024-01-05 20:03:00,,,,,RECONYX,HYPERFIRE 2 COVERT,25,300,2,2,72.0,72.0,b'0220',b'\x01\x02\x03\x00',b'0100',1,2048,100,1152,0,1,3,0.0075,,,,
C:/Claire RStudio/Final_project_repository/2024-01 and 2024-01 11West/11 west,2024-01-05 20-03-01 M 2_3.JPG,img,rodent,0.99775,FALSE,1286,567,1596,671,1152,2048,2024-01-05 20:03:01,2024-01-05 20:03:01,2024-01-05 20:03:01,,,,,RECONYX,HYPERFIRE 2 COVERT,25,300,2,2,72.0,72.0,b'0220',b'\x01\x02\x03\x00',b'0100',1,2048,100,1152,0,1,3,0.0075,,,,
C:/Claire RStudio/Final_project_repository/2024-01 and 2024-01 11West/11 west,2024-01-05 20-03-01 M 3_3.JPG,img,rodent,0.99067,FALSE,1380,551,1593,689,1152,2048,2024-01-05 20:03:01,2024-01-05 20:03:01,2024-01-05 20:03:01,,,,,RECONYX,HYPERFIRE 2 COVERT,25,300,2,2,72.0,72.0,b'0220',b'\x01\x02\x03\x00',b'0100',1,2048,100,1152,0,1,3,0.0075,,,,
C:/Claire RStudio/Final_project_repository/2024-01 and 2024-01 11West/11 west,2024-01-05 20-03-04 M 1_3.JPG,img,rodent,0.99797,FALSE,1813,484,2048,641,1152,2048,2024-01-05 20:03:04,2024-01-05 20:03:04,2024-01-05 20:03:04,,,,,RECONYX,HYPERFIRE 2 COVERT,25,300,2,2,72.0,72.0,b'0220',b'\x01\x02\x03\x00',b'0100',1,2048,100,1152,0,1,3,0.0075,,,,
C:/Claire RStudio/Final_project_repository/2024-01 and 2024-01 11West/11 west,2024-01-05 20-11-43 M 1_3.JPG,img,rodent,0.99954,FALSE,0,693,353,882,1152,2048,2024-01-05 20:11:43,2024-01-05 20:11:43,2024-01-05 20:11:43,,,,,RECONYX,HYPERFIRE 2 COVERT,25,300,2,2,72.0,72.0,b'0220',b'\x01\x02\x03\x00',b'0100',1,2048,100,1152,0,1,3,0.0075,,,,
C:/Claire RStudio/Final_project_repository/2024-01 and 2024-01 11West/11 west,2024-01-05 20-11-44 M 2_3.JPG,img,rodent,0.97243,FALSE,428,759,919,968,1152,2048,2024-01-05 20:11:44,2024-01-05 20:11:44,2024-01-05 20:11:44,,,,,RECONYX,HYPERFIRE 2 COVERT,25,300,2,2,72.0,72.0,b'0220',b'\x01\x02\x03\x00',b'0100',1,2048,100,1152,0,1,3,0.00625,,,,
C:/Claire RStudio/Final_project_repository/2024-01 and 2024-01 11West/11 west,2024-01-05 20-11-45 M 3_3.JPG,img,rodent,0.99941,FALSE,1018,873,1615,1118,1152,2048,2024-01-05 20:11:45,2024-01-05 20:11:45,2024-01-05 20:11:45,,,,,RECONYX,HYPERFIRE 2 COVERT,25,300,2,2,72.0,72.0,b'0220',b'\x01\x02\x03\x00',b'0100',1,2048,100,1152,0,1,3,0.007291666666666667,,,,
C:/Claire RStudio/Final_project_repository/2024-01 and 2024-01 11West/11 west,2024-01-05 20-23-23 M 3_3.JPG,img,unidentified animal,0.355,FALSE,796,412,1004,683,1152,2048,2024-01-05 20:23:23,2024-01-05 20:23:23,2024-01-05 20:23:23,,,,,RECONYX,HYPERFIRE 2 COVERT,25,300,2,2,72.0,72.0,b'0220',b'\x01\x02\x03\x00',b'0100',1,2048,100,1152,0,1,3,0.007604166666666667,,,,
C:/Claire RStudio/Final_project_repository/2024-01 and 2024-01 11West/11 west,2024-01-05 20-34-39 M 1_3.JPG,img,rodent,0.98705,FALSE,1609,701,2048,866,1152,2048,2024-01-05 20:34:39,2024-01-05 20:34:39,2024-01-05 20:34:39,,,,,RECONYX,HYPERFIRE 2 COVERT,25,300,2,2,72.0,72.0,b'0220',b'\x01\x02\x03\x00',b'0100',1,2048,100,1152,0,1,3,0.0075,,,,
C:/Claire RStudio/Final_project_repository/2024-01 and 2024-01 11West/11 west,2024-01-05 20-34-39 M 2_3.JPG,img,rodent,0.99618,FALSE,1407,649,1948,832,1152,2048,2024-01-05 20:34:39,2024-01-05 20:34:39,2024-01-05 20:34:39,,,,,RECONYX,HYPERFIRE 2 COVERT,25,300,2,2,72.0,72.0,b'0220',b'\x01\x02\x03\x00',b'0100',1,2048,100,1152,0,1,3,0.0075,,,,
C:/Claire RStudio/Final_project_repository/2024-01 and 2024-01 11West/11 west,2024-01-05 20-34-40 M 3_3.JPG,img,rodent,0.99952,FALSE,1255,669,1755,845,1152,2048,2024-01-05 20:34:40,2024-01-05 20:34:40,2024-01-05 20:34:40,,,,,RECONYX,HYPERFIRE 2 COVERT,25,300,2,2,72.0,72.0,b'0220',b'\x01\x02\x03\x00',b'0100',1,2048,100,1152,0,1,3,0.0075,,,,
C:/Claire RStudio/Final_project_repository/2024-01 and 2024-01 11West/11 west,2024-01-05 20-34-41 M 1_3.JPG,img,rodent,0.99989,FALSE,676,640,1146,770,1152,2048,2024-01-05 20:34:41,2024-01-05 20:34:41,2024-01-05 20:34:41,,,,,RECONYX,HYPERFIRE 2 COVERT,25,300,2,2,72.0,72.0,b'0220',b'\x01\x02\x03\x00',b'0100',1,2048,100,1152,0,1,3,0.0075,,,,
C:/Claire RStudio/Final_project_repository/2024-01 and 2024-01 11West/11 west,2024-01-05 20-34-42 M 2_3.JPG,img,rodent,0.93732,FALSE,658,621,852,768,1152,2048,2024-01-05 20:34:42,2024-01-05 20:34:42,2024-01-05 20:34:42,,,,,RECONYX,HYPERFIRE 2 COVERT,25,300,2,2,72.0,72.0,b'0220',b'\x01\x02\x03\x00',b'0100',1,2048,100,1152,0,1,3,0.0075,,,,
C:/Claire RStudio/Final_project_repository/2024-01 and 2024-01 11West/11 west,2024-01-05 20-34-43 M 3_3.JPG,img,rodent,0.99379,FALSE,656,619,850,769,1152,2048,2024-01-05 20:34:43,2024-01-05 20:34:43,2024-01-05 20:34:43,,,,,RECONYX,HYPERFIRE 2 COVERT,25,300,2,2,72.0,72.0,b'0220',b'\x01\x02\x03\x00',b'0100',1,2048,100,1152,0,1,3,0.0075,,,,
C:/Claire RStudio/Final_project_repository/2024-01 and 2024-01 11West/11 west,2024-01-05 20-34-46 M 1_3.JPG,img,rabbit,0.99622,FALSE,656,413,999,688,1152,2048,2024-01-05 20:34:46,2024-01-05 20:34:46,2024-01-05 20:34:46,,,,,RECONYX,HYPERFIRE 2 COVERT,25,300,2,2,72.0,72.0,b'0220',b'\x01\x02\x03\x00',b'0100',1,2048,100,1152,0,1,3,0.0075,,,,
C:/Claire RStudio/Final_project_repository/2024-01 and 2024-01 11West/11 west,2024-01-05 20-34-47 M 2_3.JPG,img,rabbit,0.98889,FALSE,750,578,1088,695,1152,2048,2024-01-05 20:34:47,2024-01-05 20:34:47,2024-01-05 20:34:47,,,,,RECONYX,HYPERFIRE 2 COVERT,25,300,2,2,72.0,72.0,b'0220',b'\x01\x02\x03\x00',b'0100',1,2048,100,1152,0,1,3,0.0075,,,,
C:/Claire RStudio/Final_project_repository/2024-01 and 2024-01 11West/11 west,2024-01-05 20-34-47 M 3_3.JPG,img,rodent,0.9995,FALSE,903,598,1240,714,1152,2048,2024-01-05 20:34:47,2024-01-05 20:34:47,2024-01-05 20:34:47,,,,,RECONYX,HYPERFIRE 2 COVERT,25,300,2,2,72.0,72.0,b'0220',b'\x01\x02\x03\x00',b'0100',1,2048,100,1152,0,1,3,0.0075,,,,
C:/Claire RStudio/Final_project_repository/2024-01 and 2024-01 11West/11 west,2024-01-05 20-34-48 M 1_3.JPG,img,rabbit,0.9219,FALSE,1104,596,1390,713,1152,2048,2024-01-05 20:34:48,2024-01-05 20:34:48,2024-01-05 20:34:48,,,,,RECONYX,HYPERFIRE 2 COVERT,25,300,2,2,72.0,72.0,b'0220',b'\x01\x02\x03\x00',b'0100',1,2048,100,1152,0,1,3,0.0075,,,,
C:/Claire RStudio/Final_project_repository/2024-01 and 2024-01 11West/11 west,2024-01-05 20-34-49 M 2_3.JPG,img,rabbit,0.99922,FALSE,1323,594,1443,746,1152,2048,2024-01-05 20:34:49,2024-01-05 20:34:49,2024-01-05 20:34:49,,,,,RECONYX,HYPERFIRE 2 COVERT,25,300,2,2,72.0,72.0,b'0220',b'\x01\x02\x03\x00',b'0100',1,2048,100,1152,0,1,3,0.0075,,,,
C:/Claire RStudio/Final_project_repository/2024-01 and 2024-01 11West/11 west,2024-01-05 20-34-49 M 3_3.JPG,img,rodent,0.63244,FALSE,1101,566,1355,807,1152,2048,2024-01-05 20:34:49,2024-01-05 20:34:49,2024-01-05 20:34:49,,,,,RECONYX,HYPERFIRE 2 COVERT,25,300,2,2,72.0,72.0,b'0220',b'\x01\x02\x03\x00',b'0100',1,2048,100,1152,0,1,3,0.0075,,,,
C:/Claire RStudio/Final_project_repository/2024-01 and 2024-01 11West/11 west,2024-01-05 20-34-51 M 1_3.JPG,img,rodent,0.99953,FALSE,688,638,1169,817,1152,2048,2024-01-05 20:34:51,2024-01-05 20:34:51,2024-01-05 20:34:51,,,,,RECONYX,HYPERFIRE 2 COVERT,25,300,2,2,72.0,72.0,b'0220',b'\x01\x02\x03\x00',b'0100',1,2048,100,1152,0,1,3,0.0075,,,,
C:/Claire RStudio/Final_project_repository/2024-01 and 2024-01 11West/11 west,2024-01-05 20-34-51 M 2_3.JPG,img,rodent,0.99795,FALSE,227,650,791,810,1152,2048,2024-01-05 20:34:51,2024-01-05 20:34:51,2024-01-05 20:34:51,,,,,RECONYX,HYPERFIRE 2 COVERT,25,300,2,2,72.0,72.0,b'0220',b'\x01\x02\x03\x00',b'0100',1,2048,100,1152,0,1,3,0.0075,,,,
C:/Claire RStudio/Final_project_repository/2024-01 and 2024-01 11West/11 west,2024-01-05 20-34-52 M 3_3.JPG,img,rodent,0.9819,FALSE,168,645,683,793,1152,2048,2024-01-05 20:34:52,2024-01-05 20:34:52,2024-01-05 20:34:52,,,,,RECONYX,HYPERFIRE 2 COVERT,25,300,2,2,72.0,72.0,b'0220',b'\x01\x02\x03\x00',b'0100',1,2048,100,1152,0,1,3,0.0075,,,,
C:/Claire RStudio/Final_project_repository/2024-01 and 2024-01 11West/11 west,2024-01-05 20-34-53 M 1_3.JPG,img,rodent,0.99992,FALSE,0,628,150,848,1152,2048,2024-01-05 20:34:53,2024-01-05 20:34:53,2024-01-05 20:34:53,,,,,RECONYX,HYPERFIRE 2 COVERT,25,300,2,2,72.0,72.0,b'0220',b'\x01\x02\x03\x00',b'0100',1,2048,100,1152,0,1,3,0.0075,,,,
C:/Claire RStudio/Final_project_repository/2024-01 and 2024-01 11West/11 west,2024-01-05 20-34-54 M 3_3.JPG,img,rabbit,0.99609,FALSE,795,411,1004,682,1152,2048,2024-01-05 20:34:54,2024-01-05 20:34:54,2024-01-05 20:34:54,,,,,RECONYX,HYPERFIRE 2 COVERT,25,300,2,2,72.0,72.0,b'0220',b'\x01\x02\x03\x00',b'0100',1,2048,100,1152,0,1,3,0.0075,,,,
C:/Claire RStudio/Final_project_repository/2024-01 and 2024-01 11West/11 west,2024-01-05 20-34-58 M 1_3.JPG,img,rabbit,0.81442,FALSE,0,697,268,902,1152,2048,2024-01-05 20:34:58,2024-01-05 20:34:58,2024-01-05 20:34:58,,,,,RECONYX,HYPERFIRE 2 COVERT,25,300,2,2,72.0,72.0,b'0220',b'\x01\x02\x03\x00',b'0100',1,2048,100,1152,0,1,3,0.0075,,,,
C:/Claire RStudio/Final_project_repository/2024-01 and 2024-01 11West/11 west,2024-01-05 20-34-58 M 2_3.JPG,img,rodent,0.96714,FALSE,57,646,684,947,1152,2048,2024-01-05 20:34:58,2024-01-05 20:34:58,2024-01-05 20:34:58,,,,,RECONYX,HYPERFIRE 2 COVERT,25,300,2,2,72.0,72.0,b'0220',b'\x01\x02\x03\x00',b'0100',1,2048,100,1152,0,1,3,0.0075,,,,
C:/Claire RStudio/Final_project_repository/2024-01 and 2024-01 11West/11 west,2024-01-05 20-34-59 M 3_3.JPG,img,rodent,0.96234,FALSE,1258,594,1928,981,1152,2048,2024-01-05 20:34:59,2024-01-05 20:34:59,2024-01-05 20:34:59,,,,,RECONYX,HYPERFIRE 2 COVERT,25,300,2,2,72.0,72.0,b'0220',b'\x01\x02\x03\x00',b'0100',1,2048,100,1152,0,1,3,0.0075,,,,
C:/Claire RStudio/Final_project_repository/2024-01 and 2024-01 11West/11 west,2024-01-05 20-36-08 M 1_3.JPG,img,rodent,0.99995,FALSE,25,626,471,766,1152,2048,2024-01-05 20:36:08,2024-01-05 20:36:08,2024-01-05 20:36:08,,,,,RECONYX,HYPERFIRE 2 COVERT,25,300,2,2,72.0,72.0,b'0220',b'\x01\x02\x03\x00',b'0100',1,2048,100,1152,0,1,3,0.0075,,,,
C:/Claire RStudio/Final_project_repository/2024-01 and 2024-01 11West/11 west,2024-01-05 20-36-09 M 2_3.JPG,img,rodent,0.9995,FALSE,125,622,523,754,1152,2048,2024-01-05 20:36:09,2024-01-05 20:36:09,2024-01-05 20:36:09,,,,,RECONYX,HYPERFIRE 2 COVERT,25,300,2,2,72.0,72.0,b'0220',b'\x01\x02\x03\x00',b'0100',1,2048,100,1152,0,1,3,0.0075,,,,
C:/Claire RStudio/Final_project_repository/2024-01 and 2024-01 11West/11 west,2024-01-05 20-36-09 M 3_3.JPG,img,rabbit,0.95472,FALSE,551,592,747,709,1152,2048,2024-01-05 20:36:09,2024-01-05 20:36:09,2024-01-05 20:36:09,,,,,RECONYX,HYPERFIRE 2 COVERT,25,300,2,2,72.0,72.0,b'0220',b'\x01\x02\x03\x00',b'0100',1,2048,100,1152,0,1,3,0.0075,,,,
C:/Claire RStudio/Final_project_repository/2024-01 and 2024-01 11West/11 west,2024-01-05 20-36-12 M 1_3.JPG,img,rodent,0.83817,FALSE,720,471,1014,702,1152,2048,2024-01-05 20:36:12,2024-01-05 20:36:12,2024-01-05 20:36:12,,,,,RECONYX,HYPERFIRE 2 COVERT,25,300,2,2,72.0,72.0,b'0220',b'\x01\x02\x03\x00',b'0100',1,2048,100,1152,0,1,3,0.0075,,,,
C:/Claire RStudio/Final_project_repository/2024-01 and 2024-01 11West/11 west,2024-01-05 20-36-12 M 2_3.JPG,img,rabbit,0.53732,FALSE,943,583,1061,707,1152,2048,2024-01-05 20:36:12,2024-01-05 20:36:12,2024-01-05 20:36:12,,,,,RECONYX,HYPERFIRE 2 COVERT,25,300,2,2,72.0,72.0,b'0220',b'\x01\x02\x03\x00',b'0100',1,2048,100,1152,0,1,3,0.0075,,,,
C:/Claire RStudio/Final_project_repository/2024-01 and 2024-01 11West/11 west,2024-01-05 20-36-13 M 3_3.JPG,img,rabbit,0.99075,FALSE,794,411,1051,713,1152,2048,2024-01-05 20:36:13,2024-01-05 20:36:13,2024-01-05 20:36:13,,,,,RECONYX,HYPERFIRE 2 COVERT,25,300,2,2,72.0,72.0,b'0220',b'\x01\x02\x03\x00',b'0100',1,2048,100,1152,0,1,3,0.0075,,,,
C:/Claire RStudio/Final_project_repository/2024-01 and 2024-01 11West/11 west,2024-01-05 20-36-14 M 1_3.JPG,img,rodent,0.99875,FALSE,1330,552,1719,751,1152,2048,2024-01-05 20:36:14,2024-01-05 20:36:14,2024-01-05 20:36:14,,,,,RECONYX,HYPERFIRE 2 COVERT,25,300,2,2,72.0,72.0,b'0220',b'\x01\x02\x03\x00',b'0100',1,2048,100,1152,0,1,3,0.0075,,,,
C:/Claire RStudio/Final_project_repository/2024-01 and 2024-01 11West/11 west,2024-01-05 20-36-15 M 2_3.JPG,img,rodent,0.99655,FALSE,1676,658,2048,811,1152,2048,2024-01-05 20:36:15,2024-01-05 20:36:15,2024-01-05 20:36:15,,,,,RECONYX,HYPERFIRE 2 COVERT,25,300,2,2,72.0,72.0,b'0220',b'\x01\x02\x03\x00',b'0100',1,2048,100,1152,0,1,3,0.0075,,,,
C:/Claire RStudio/Final_project_repository/2024-01 and 2024-01 11West/11 west,2024-01-05 20-36-15 M 3_3.JPG,img,unidentified animal,0.335,FALSE,796,412,1004,683,1152,2048,2024-01-05 20:36:15,2024-01-05 20:36:15,2024-01-05 20:36:15,,,,,RECONYX,HYPERFIRE 2 COVERT,25,300,2,2,72.0,72.0,b'0220',b'\x01\x02\x03\x00',b'0100',1,2048,100,1152,0,1,3,0.0075,,,,
C:/Claire RStudio/Final_project_repository/2024-01 and 2024-01 11West/11 west,2024-01-05 20-37-03 M 1_3.JPG,img,rodent,0.94546,FALSE,142,510,422,724,1152,2048,2024-01-05 20:37:03,2024-01-05 20:37:03,2024-01-05 20:37:03,,,,,RECONYX,HYPERFIRE 2 COVERT,25,300,2,2,72.0,72.0,b'0220',b'\x01\x02\x03\x00',b'0100',1,2048,100,1152,0,1,3,0.0075,,,,
C:/Claire RStudio/Final_project_repository/2024-01 and 2024-01 11West/11 west,2024-01-05 20-37-04 M 2_3.JPG,img,rodent,0.8787,FALSE,258,605,573,767,1152,2048,2024-01-05 20:37:04,2024-01-05 20:37:04,2024-01-05 20:37:04,,,,,RECONYX,HYPERFIRE 2 COVERT,25,300,2,2,72.0,72.0,b'0220',b'\x01\x02\x03\x00',b'0100',1,2048,100,1152,0,1,3,0.0075,,,,
C:/Claire RStudio/Final_project_repository/2024-01 and 2024-01 11West/11 west,2024-01-05 20-37-04 M 3_3.JPG,img,rodent,0.81668,FALSE,1413,618,2024,808,1152,2048,2024-01-05 20:37:04,2024-01-05 20:37:04,2024-01-05 20:37:04,,,,,RECONYX,HYPERFIRE 2 COVERT,25,300,2,2,72.0,72.0,b'0220',b'\x01\x02\x03\x00',b'0100',1,2048,100,1152,0,1,3,0.0075,,,,
C:/Claire RStudio/Final_project_repository/2024-01 and 2024-01 11West/11 west,2024-01-05 20-38-55 M 1_3.JPG,img,rodent,0.95575,FALSE,1344,623,1769,764,1152,2048,2024-01-05 20:38:55,2024-01-05 20:38:55,2024-01-05 20:38:55,,,,,RECONYX,HYPERFIRE 2 COVERT,25,300,2,2,72.0,72.0,b'0220',b'\x01\x02\x03\x00',b'0100',1,2048,100,1152,0,1,3,0.0075,,,,
C:/Claire RStudio/Final_project_repository/2024-01 and 2024-01 11West/11 west,2024-01-05 20-38-56 M 2_3.JPG,img,rodent,0.99656,FALSE,1096,552,1345,733,1152,2048,2024-01-05 20:38:56,2024-01-05 20:38:56,2024-01-05 20:38:56,,,,,RECONYX,HYPERFIRE 2 COVERT,25,300,2,2,72.0,72.0,b'0220',b'\x01\x02\x03\x00',b'0100',1,2048,100,1152,0,1,3,0.0075,,,,
C:/Claire RStudio/Final_project_repository/2024-01 and 2024-01 11West/11 west,2024-01-05 20-38-57 M 3_3.JPG,img,rabbit,0.9976,FALSE,1052,590,1158,713,1152,2048,2024-01-05 20:38:57,2024-01-05 20:38:57,2024-01-05 20:38:57,,,,,RECONYX,HYPERFIRE 2 COVERT,25,300,2,2,72.0,72.0,b'0220',b'\x01\x02\x03\x00',b'0100',1,2048,100,1152,0,1,3,0.0075,,,,
C:/Claire RStudio/Final_project_repository/2024-01 and 2024-01 11West/11 west,2024-01-05 20-38-59 M 1_3.JPG,img,rodent,0.99953,FALSE,825,606,1161,693,1152,2048,2024-01-05 20:38:59,2024-01-05 20:38:59,2024-01-05 20:38:59,,,,,RECONYX,HYPERFIRE 2 COVERT,25,300,2,2,72.0,72.0,b'0220',b'\x01\x02\x03\x00',b'0100',1,2048,100,1152,0,1,3,0.0075,,,,
C:/Claire RStudio/Final_project_repository/2024-01 and 2024-01 11West/11 west,2024-01-05 20-38-59 M 2_3.JPG,img,rodent,0.99123,FALSE,651,577,922,685,1152,2048,2024-01-05 20:38:59,2024-01-05 20:38:59,2024-01-05 20:38:59,,,,,RECONYX,HYPERFIRE 2 COVERT,25,300,2,2,72.0,72.0,b'0220',b'\x01\x02\x03\x00',b'0100',1,2048,100,1152,0,1,3,0.0075,,,,
C:/Claire RStudio/Final_project_repository/2024-01 and 2024-01 11West/11 west,2024-01-05 20-39-00 M 3_3.JPG,img,rabbit,0.88587,FALSE,654,555,751,661,1152,2048,2024-01-05 20:39:00,2024-01-05 20:39:00,2024-01-05 20:39:00,,,,,RECONYX,HYPERFIRE 2 COVERT,25,300,2,2,72.0,72.0,b'0220',b'\x01\x02\x03\x00',b'0100',1,2048,100,1152,0,1,3,0.0075,,,,
C:/Claire RStudio/Final_project_repository/2024-01 and 2024-01 11West/11 west,2024-01-05 20-39-01 M 1_3.JPG,img,rabbit,0.64832,FALSE,343,537,616,666,1152,2048,2024-01-05 20:39:01,2024-01-05 20:39:01,2024-01-05 20:39:01,,,,,RECONYX,HYPERFIRE 2 COVERT,25,300,2,2,72.0,72.0,b'0220',b'\x01\x02\x03\x00',b'0100',1,2048,100,1152,0,1,3,0.0075,,,,
C:/Claire RStudio/Final_project_repository/2024-01 and 2024-01 11West/11 west,2024-01-05 20-39-02 M 2_3.JPG,img,rodent,0.55882,FALSE,356,542,595,668,1152,2048,2024-01-05 20:39:02,2024-01-05 20:39:02,2024-01-05 20:39:02,,,,,RECONYX,HYPERFIRE 2 COVERT,25,300,2,2,72.0,72.0,b'0220',b'\x01\x02\x03\x00',b'0100',1,2048,100,1152,0,1,3,0.0075,,,,
C:/Claire RStudio/Final_project_repository/2024-01 and 2024-01 11West/11 west,2024-01-05 20-39-02 M 3_3.JPG,img,rabbit,0.97983,FALSE,333,538,592,657,1152,2048,2024-01-05 20:39:02,2024-01-05 20:39:02,2024-01-05 20:39:02,,,,,RECONYX,HYPERFIRE 2 COVERT,25,300,2,2,72.0,72.0,b'0220',b'\x01\x02\x03\x00',b'0100',1,2048,100,1152,0,1,3,0.0075,,,,
C:/Claire RStudio/Final_project_repository/2024-01 and 2024-01 11West/11 west,2024-01-05 20-39-08 M 1_3.JPG,img,rodent,0.99998,FALSE,0,509,228,621,1152,2048,2024-01-05 20:39:08,2024-01-05 20:39:08,2024-01-05 20:39:08,,,,,RECONYX,HYPERFIRE 2 COVERT,25,300,2,2,72.0,72.0,b'0220',b'\x01\x02\x03\x00',b'0100',1,2048,100,1152,0,1,3,0.0075,,,,
C:/Claire RStudio/Final_project_repository/2024-01 and 2024-01 11West/11 west,2024-01-05 20-39-09 M 2_3.JPG,img,unidentified animal,0.336,FALSE,795,413,1004,683,1152,2048,2024-01-05 20:39:09,2024-01-05 20:39:09,2024-01-05 20:39:09,,,,,RECONYX,HYPERFIRE 2 COVERT,25,300,2,2,72.0,72.0,b'0220',b'\x01\x02\x03\x00',b'0100',1,2048,100,1152,0,1,3,0.0075,,,,
C:/Claire RStudio/Final_project_repository/2024-01 and 2024-01 11West/11 west,2024-01-05 20-39-09 M 3_3.JPG,img,unidentified animal,0.375,FALSE,795,412,1003,683,1152,2048,2024-01-05 20:39:09,2024-01-05 20:39:09,2024-01-05 20:39:09,,,,,RECONYX,HYPERFIRE 2 COVERT,25,300,2,2,72.0,72.0,b'0220',b'\x01\x02\x03\x00',b'0100',1,2048,100,1152,0,1,3,0.0075,,,,
C:/Claire RStudio/Final_project_repository/2024-01 and 2024-01 11West/11 west,2024-01-05 20-48-11 M 1_3.JPG,img,rodent,0.99989,FALSE,1528,557,1951,747,1152,2048,2024-01-05 20:48:11,2024-01-05 20:48:11,2024-01-05 20:48:11,,,,,RECONYX,HYPERFIRE 2 COVERT,25,300,2,2,72.0,72.0,b'0220',b'\x01\x02\x03\x00',b'0100',1,2048,100,1152,0,1,3,0.0075,,,,
C:/Claire RStudio/Final_project_repository/2024-01 and 2024-01 11West/11 west,2024-01-05 20-48-12 M 2_3.JPG,img,rodent,0.60759,FALSE,1115,606,1458,764,1152,2048,2024-01-05 20:48:12,2024-01-05 20:48:12,2024-01-05 20:48:12,,,,,RECONYX,HYPERFIRE 2 COVERT,25,300,2,2,72.0,72.0,b'0220',b'\x01\x02\x03\x00',b'0100',1,2048,100,1152,0,1,3,0.0075,,,,
C:/Claire RStudio/Final_project_repository/2024-01 and 2024-01 11West/11 west,2024-01-05 20-48-12 M 3_3.JPG,img,rodent,0.75825,FALSE,1114,606,1460,765,1152,2048,2024-01-05 20:48:12,2024-01-05 20:48:12,2024-01-05 20:48:12,,,,,RECONYX,HYPERFIRE 2 COVERT,25,300,2,2,72.0,72.0,b'0220',b'\x01\x02\x03\x00',b'0100',1,2048,100,1152,0,1,3,0.0075,,,,
C:/Claire RStudio/Final_project_repository/2024-01 and 2024-01 11West/11 west,2024-01-05 20-48-14 M 1_3.JPG,img,unidentified animal,0.359,FALSE,1014,587,1259,681,1152,2048,2024-01-05 20:48:14,2024-01-05 20:48:14,2024-01-05 20:48:14,,,,,RECONYX,HYPERFIRE 2 COVERT,25,300,2,2,72.0,72.0,b'0220',b'\x01\x02\x03\x00',b'0100',1,2048,100,1152,0,1,3,0.0075,,,,
C:/Claire RStudio/Final_project_repository/2024-01 and 2024-01 11West/11 west,2024-01-05 20-48-15 M 2_3.JPG,img,rabbit,0.93406,FALSE,999,558,1261,684,1152,2048,2024-01-05 20:48:15,2024-01-05 20:48:15,2024-01-05 20:48:15,,,,,RECONYX,HYPERFIRE 2 COVERT,25,300,2,2,72.0,72.0,b'0220',b'\x01\x02\x03\x00',b'0100',1,2048,100,1152,0,1,3,0.0075,,,,
C:/Claire RStudio/Final_project_repository/2024-01 and 2024-01 11West/11 west,2024-01-05 20-48-15 M 3_3.JPG,img,rodent,0.6555,FALSE,717,570,1018,693,1152,2048,2024-01-05 20:48:15,2024-01-05 20:48:15,2024-01-05 20:48:15,,,,,RECONYX,HYPERFIRE 2 COVERT,25,300,2,2,72.0,72.0,b'0220',b'\x01\x02\x03\x00',b'0100',1,2048,100,1152,0,1,3,0.0075,,,,
C:/Claire RStudio/Final_project_repository/2024-01 and 2024-01 11West/11 west,2024-01-05 20-48-17 M 1_3.JPG,img,rabbit,0.7671,FALSE,310,522,534,657,1152,2048,2024-01-05 20:48:17,2024-01-05 20:48:17,2024-01-05 20:48:17,,,,,RECONYX,HYPERFIRE 2 COVERT,25,300,2,2,72.0,72.0,b'0220',b'\x01\x02\x03\x00',b'0100',1,2048,100,1152,0,1,3,0.0075,,,,
C:/Claire RStudio/Final_project_repository/2024-01 and 2024-01 11West/11 west,2024-01-05 20-48-17 M 2_3.JPG,img,rabbit,0.79367,FALSE,242,495,521,652,1152,2048,2024-01-05 20:48:17,2024-01-05 20:48:17,2024-01-05 20:48:17,,,,,RECONYX,HYPERFIRE 2 COVERT,25,300,2,2,72.0,72.0,b'0220',b'\x01\x02\x03\x00',b'0100',1,2048,100,1152,0,1,3,0.0075,,,,
C:/Claire RStudio/Final_project_repository/2024-01 and 2024-01 11West/11 west,2024-01-05 20-48-18 M 3_3.JPG,img,rodent,0.99652,FALSE,0,509,279,622,1152,2048,2024-01-05 20:48:18,2024-01-05 20:48:18,2024-01-05 20:48:18,,,,,RECONYX,HYPERFIRE 2 COVERT,25,300,2,2,72.0,72.0,b'0220',b'\x01\x02\x03\x00',b'0100',1,2048,100,1152,0,1,3,0.0075,,,,
C:/Claire RStudio/Final_project_repository/2024-01 and 2024-01 11West/11 west,2024-01-05 20-53-13 M 1_3.JPG,img,rodent,0.84688,FALSE,0,736,203,961,1152,2048,2024-01-05 20:53:13,2024-01-05 20:53:13,2024-01-05 20:53:13,,,,,RECONYX,HYPERFIRE 2 COVERT,25,300,2,2,72.0,72.0,b'0220',b'\x01\x02\x03\x00',b'0100',1,2048,100,1152,0,1,3,0.0075,,,,
C:/Claire RStudio/Final_project_repository/2024-01 and 2024-01 11West/11 west,2024-01-05 20-53-14 M 2_3.JPG,img,rodent,0.81345,FALSE,0,725,341,987,1152,2048,2024-01-05 20:53:14,2024-01-05 20:53:14,2024-01-05 20:53:14,,,,,RECONYX,HYPERFIRE 2 COVERT,25,300,2,2,72.0,72.0,b'0220',b'\x01\x02\x03\x00',b'0100',1,2048,100,1152,0,1,3,0.0075,,,,
C:/Claire RStudio/Final_project_repository/2024-01 and 2024-01 11West/11 west,2024-01-05 20-53-14 M 3_3.JPG,img,rodent,0.99821,FALSE,1,753,674,987,1152,2048,2024-01-05 20:53:14,2024-01-05 20:53:14,2024-01-05 20:53:14,,,,,RECONYX,HYPERFIRE 2 COVERT,25,300,2,2,72.0,72.0,b'0220',b'\x01\x02\x03\x00',b'0100',1,2048,100,1152,0,1,3,0.0075,,,,
C:/Claire RStudio/Final_project_repository/2024-01 and 2024-01 11West/11 west,2024-01-05 20-53-16 M 1_3.JPG,img,rodent,0.99913,FALSE,778,724,1334,992,1152,2048,2024-01-05 20:53:16,2024-01-05 20:53:16,2024-01-05 20:53:16,,,,,RECONYX,HYPERFIRE 2 COVERT,25,300,2,2,72.0,72.0,b'0220',b'\x01\x02\x03\x00',b'0100',1,2048,100,1152,0,1,3,0.0069791666666666665,,,,
C:/Claire RStudio/Final_project_repository/2024-01 and 2024-01 11West/11 west,2024-01-05 20-53-16 M 2_3.JPG,img,rodent,0.99878,FALSE,1495,675,1798,866,1152,2048,2024-01-05 20:53:16,2024-01-05 20:53:16,2024-01-05 20:53:16,,,,,RECONYX,HYPERFIRE 2 COVERT,25,300,2,2,72.0,72.0,b'0220',b'\x01\x02\x03\x00',b'0100',1,2048,100,1152,0,1,3,0.0069791666666666665,,,,
C:/Claire RStudio/Final_project_repository/2024-01 and 2024-01 11West/11 west,2024-01-05 20-53-17 M 3_3.JPG,img,rodent,0.99919,FALSE,1386,608,1756,764,1152,2048,2024-01-05 20:53:17,2024-01-05 20:53:17,2024-01-05 20:53:17,,,,,RECONYX,HYPERFIRE 2 COVERT,25,300,2,2,72.0,72.0,b'0220',b'\x01\x02\x03\x00',b'0100',1,2048,100,1152,0,1,3,0.0069791666666666665,,,,
C:/Claire RStudio/Final_project_repository/2024-01 and 2024-01 11West/11 west,2024-01-05 20-53-18 M 1_3.JPG,img,rabbit,0.9996,FALSE,1114,567,1212,695,1152,2048,2024-01-05 20:53:18,2024-01-05 20:53:18,2024-01-05 20:53:18,,,,,RECONYX,HYPERFIRE 2 COVERT,25,300,2,2,72.0,72.0,b'0220',b'\x01\x02\x03\x00',b'0100',1,2048,100,1152,0,1,3,0.0075,,,,
C:/Claire RStudio/Final_project_repository/2024-01 and 2024-01 11West/11 west,2024-01-05 20-53-19 M 2_3.JPG,img,rabbit,0.9195,FALSE,1054,577,1219,689,1152,2048,2024-01-05 20:53:19,2024-01-05 20:53:19,2024-01-05 20:53:19,,,,,RECONYX,HYPERFIRE 2 COVERT,25,300,2,2,72.0,72.0,b'0220',b'\x01\x02\x03\x00',b'0100',1,2048,100,1152,0,1,3,0.0075,,,,
C:/Claire RStudio/Final_project_repository/2024-01 and 2024-01 11West/11 west,2024-01-05 20-53-20 M 3_3.JPG,img,rodent,0.58405,FALSE,1001,585,1203,691,1152,2048,2024-01-05 20:53:20,2024-01-05 20:53:20,2024-01-05 20:53:20,,,,,RECONYX,HYPERFIRE 2 COVERT,25,300,2,2,72.0,72.0,b'0220',b'\x01\x02\x03\x00',b'0100',1,2048,100,1152,0,1,3,0.0075,,,,
C:/Claire RStudio/Final_project_repository/2024-01 and 2024-01 11West/11 west,2024-01-05 20-53-21 M 1_3.JPG,img,rabbit,0.87839,FALSE,742,585,1089,691,1152,2048,2024-01-05 20:53:21,2024-01-05 20:53:21,2024-01-05 20:53:21,,,,,RECONYX,HYPERFIRE 2 COVERT,25,300,2,2,72.0,72.0,b'0220',b'\x01\x02\x03\x00',b'0100',1,2048,100,1152,0,1,3,0.0075,,,,
C:/Claire RStudio/Final_project_repository/2024-01 and 2024-01 11West/11 west,2024-01-05 20-53-21 M 2_3.JPG,img,rodent,0.80728,FALSE,480,549,811,672,1152,2048,2024-01-05 20:53:21,2024-01-05 20:53:21,2024-01-05 20:53:21,,,,,RECONYX,HYPERFIRE 2 COVERT,25,300,2,2,72.0,72.0,b'0220',b'\x01\x02\x03\x00',b'0100',1,2048,100,1152,0,1,3,0.0075,,,,
C:/Claire RStudio/Final_project_repository/2024-01 and 2024-01 11West/11 west,2024-01-05 20-53-22 M 3_3.JPG,img,rodent,0.69002,FALSE,281,499,578,664,1152,2048,2024-01-05 20:53:22,2024-01-05 20:53:22,2024-01-05 20:53:22,,,,,RECONYX,HYPERFIRE 2 COVERT,25,300,2,2,72.0,72.0,b'0220',b'\x01\x02\x03\x00',b'0100',1,2048,100,1152,0,1,3,0.0075,,,,
C:/Claire RStudio/Final_project_repository/2024-01 and 2024-01 11West/11 west,2024-01-05 20-54-08 M 1_3.JPG,img,rodent,0.96588,FALSE,1329,473,1658,710,1152,2048,2024-01-05 20:54:08,2024-01-05 20:54:08,2024-01-05 20:54:08,,,,,RECONYX,HYPERFIRE 2 COVERT,25,300,2,2,72.0,72.0,b'0220',b'\x01\x02\x03\x00',b'0100',1,2048,100,1152,0,1,3,0.0075,,,,
C:/Claire RStudio/Final_project_repository/2024-01 and 2024-01 11West/11 west,2024-01-05 20-54-08 M 2_3.JPG,img,rodent,0.52036,FALSE,763,555,865,680,1152,2048,2024-01-05 20:54:08,2024-01-05 20:54:08,2024-01-05 20:54:08,,,,,RECONYX,HYPERFIRE 2 COVERT,25,300,2,2,72.0,72.0,b'0220',b'\x01\x02\x03\x00',b'0100',1,2048,100,1152,0,1,3,0.0075,,,,
C:/Claire RStudio/Final_project_repository/2024-01 and 2024-01 11West/11 west,2024-01-05 20-54-09 M 3_3.JPG,img,rabbit,0.99796,FALSE,784,511,900,689,1152,2048,2024-01-05 20:54:09,2024-01-05 20:54:09,2024-01-05 20:54:09,,,,,RECONYX,HYPERFIRE 2 COVERT,25,300,2,2,72.0,72.0,b'0220',b'\x01\x02\x03\x00',b'0100',1,2048,100,1152,0,1,3,0.0075,,,,
C:/Claire RStudio/Final_project_repository/2024-01 and 2024-01 11West/11 west,2024-01-05 20-54-10 M 1_3.JPG,img,rabbit,0.99456,FALSE,711,574,808,679,1152,2048,2024-01-05 20:54:10,2024-01-05 20:54:10,2024-01-05 20:54:10,,,,,RECONYX,HYPERFIRE 2 COVERT,25,300,2,2,72.0,72.0,b'0220',b'\x01\x02\x03\x00',b'0100',1,2048,100,1152,0,1,3,0.0075,,,,
C:/Claire RStudio/Final_project_repository/2024-01 and 2024-01 11West/11 west,2024-01-05 20-54-11 M 2_3.JPG,img,rabbit,0.81183,FALSE,683,549,817,673,1152,2048,2024-01-05 20:54:11,2024-01-05 20:54:11,2024-01-05 20:54:11,,,,,RECONYX,HYPERFIRE 2 COVERT,25,300,2,2,72.0,72.0,b'0220',b'\x01\x02\x03\x00',b'0100',1,2048,100,1152,0,1,3,0.0075,,,,
C:/Claire RStudio/Final_project_repository/2024-01 and 2024-01 11West/11 west,2024-01-05 20-54-11 M 3_3.JPG,img,unidentified animal,0.351,FALSE,741,410,1002,681,1152,2048,2024-01-05 20:54:11,2024-01-05 20:54:11,2024-01-05 20:54:11,,,,,RECONYX,HYPERFIRE 2 COVERT,25,300,2,2,72.0,72.0,b'0220',b'\x01\x02\x03\x00',b'0100',1,2048,100,1152,0,1,3,0.0075,,,,
C:/Claire RStudio/Final_project_repository/2024-01 and 2024-01 11West/11 west,2024-01-05 20-54-11 M 3_3.JPG,img,rodent,0.99093,FALSE,690,497,820,671,1152,2048,2024-01-05 20:54:11,2024-01-05 20:54:11,2024-01-05 20:54:11,,,,,RECONYX,HYPERFIRE 2 COVERT,25,300,2,2,72.0,72.0,b'0220',b'\x01\x02\x03\x00',b'0100',1,2048,100,1152,0,1,3,0.0075,,,,
C:/Claire RStudio/Final_project_repository/2024-01 and 2024-01 11West/11 west,2024-01-05 20-54-13 M 1_3.JPG,img,rodent,0.64284,FALSE,601,542,800,672,1152,2048,2024-01-05 20:54:13,2024-01-05 20:54:13,2024-01-05 20:54:13,,,,,RECONYX,HYPERFIRE 2 COVERT,25,300,2,2,72.0,72.0,b'0220',b'\x01\x02\x03\x00',b'0100',1,2048,100,1152,0,1,3,0.0075,,,,
C:/Claire RStudio/Final_project_repository/2024-01 and 2024-01 11West/11 west,2024-01-05 20-54-13 M 2_3.JPG,img,rodent,0.99272,FALSE,744,588,1010,705,1152,2048,2024-01-05 20:54:13,2024-01-05 20:54:13,2024-01-05 20:54:13,,,,,RECONYX,HYPERFIRE 2 COVERT,25,300,2,2,72.0,72.0,b'0220',b'\x01\x02\x03\x00',b'0100',1,2048,100,1152,0,1,3,0.0075,,,,
C:/Claire RStudio/Final_project_repository/2024-01 and 2024-01 11West/11 west,2024-01-05 20-54-14 M 3_3.JPG,img,rodent,0.98421,FALSE,1357,475,1728,729,1152,2048,2024-01-05 20:54:14,2024-01-05 20:54:14,2024-01-05 20:54:14,,,,,RECONYX,HYPERFIRE 2 COVERT,25,300,2,2,72.0,72.0,b'0220',b'\x01\x02\x03\x00',b'0100',1,2048,100,1152,0,1,3,0.0075,,,,
C:/Claire RStudio/Final_project_repository/2024-01 and 2024-01 11West/11 west,2024-01-05 20-59-16 M 1_3.JPG,img,rodent,0.99886,FALSE,146,601,552,735,1152,2048,2024-01-05 20:59:16,2024-01-05 20:59:16,2024-01-05 20:59:16,,,,,RECONYX,HYPERFIRE 2 COVERT,25,300,2,2,72.0,72.0,b'0220',b'\x01\x02\x03\x00',b'0100',1,2048,100,1152,0,1,3,0.0075,,,,
C:/Claire RStudio/Final_project_repository/2024-01 and 2024-01 11West/11 west,2024-01-05 20-59-17 M 2_3.JPG,img,rodent,0.99695,FALSE,227,596,590,738,1152,2048,2024-01-05 20:59:17,2024-01-05 20:59:17,2024-01-05 20:59:17,,,,,RECONYX,HYPERFIRE 2 COVERT,25,300,2,2,72.0,72.0,b'0220',b'\x01\x02\x03\x00',b'0100',1,2048,100,1152,0,1,3,0.0075,,,,
C:/Claire RStudio/Final_project_repository/2024-01 and 2024-01 11West/11 west,2024-01-05 20-59-18 M 3_3.JPG,img,rodent,0.83211,FALSE,429,468,668,690,1152,2048,2024-01-05 20:59:18,2024-01-05 20:59:18,2024-01-05 20:59:18,,,,,RECONYX,HYPERFIRE 2 COVERT,25,300,2,2,72.0,72.0,b'0220',b'\x01\x02\x03\x00',b'0100',1,2048,100,1152,0,1,3,0.0075,,,,
C:/Claire RStudio/Final_project_repository/2024-01 and 2024-01 11West/11 west,2024-01-05 20-59-19 M 1_3.JPG,img,rodent,0.88748,FALSE,541,592,752,712,1152,2048,2024-01-05 20:59:19,2024-01-05 20:59:19,2024-01-05 20:59:19,,,,,RECONYX,HYPERFIRE 2 COVERT,25,300,2,2,72.0,72.0,b'0220',b'\x01\x02\x03\x00',b'0100',1,2048,100,1152,0,1,3,0.0075,,,,
C:/Claire RStudio/Final_project_repository/2024-01 and 2024-01 11West/11 west,2024-01-05 20-59-19 M 2_3.JPG,img,rodent,0.85023,FALSE,1132,575,1473,684,1152,2048,2024-01-05 20:59:19,2024-01-05 20:59:19,2024-01-05 20:59:19,,,,,RECONYX,HYPERFIRE 2 COVERT,25,300,2,2,72.0,72.0,b'0220',b'\x01\x02\x03\x00',b'0100',1,2048,100,1152,0,1,3,0.0075,,,,
C:/Claire RStudio/Final_project_repository/2024-01 and 2024-01 11West/11 west,2024-01-05 20-59-20 M 3_3.JPG,img,rodent,0.5934,FALSE,1543,544,1833,657,1152,2048,2024-01-05 20:59:20,2024-01-05 20:59:20,2024-01-05 20:59:20,,,,,RECONYX,HYPERFIRE 2 COVERT,25,300,2,2,72.0,72.0,b'0220',b'\x01\x02\x03\x00',b'0100',1,2048,100,1152,0,1,3,0.0075,,,,
C:/Claire RStudio/Final_project_repository/2024-01 and 2024-01 11West/11 west,2024-01-05 20-59-22 M 1_3.JPG,img,unidentified animal,0.341,FALSE,796,413,1003,683,1152,2048,2024-01-05 20:59:22,2024-01-05 20:59:22,2024-01-05 20:59:22,,,,,RECONYX,HYPERFIRE 2 COVERT,25,300,2,2,72.0,72.0,b'0220',b'\x01\x02\x03\x00',b'0100',1,2048,100,1152,0,1,3,0.0075,,,,
C:/Claire RStudio/Final_project_repository/2024-01 and 2024-01 11West/11 west,2024-01-05 20-59-23 M 2_3.JPG,img,unidentified animal,0.377,FALSE,796,413,1004,683,1152,2048,2024-01-05 20:59:23,2024-01-05 20:59:23,2024-01-05 20:59:23,,,,,RECONYX,HYPERFIRE 2 COVERT,25,300,2,2,72.0,72.0,b'0220',b'\x01\x02\x03\x00',b'0100',1,2048,100,1152,0,1,3,0.0075,,,,
C:/Claire RStudio/Final_project_repository/2024-01 and 2024-01 11West/11 west,2024-01-05 20-59-24 M 3_3.JPG,img,unidentified animal,0.3,FALSE,795,413,1003,683,1152,2048,2024-01-05 20:59:24,2024-01-05 20:59:24,2024-01-05 20:59:24,,,,,RECONYX,HYPERFIRE 2 COVERT,25,300,2,2,72.0,72.0,b'0220',b'\x01\x02\x03\x00',b'0100',1,2048,100,1152,0,1,3,0.0075,,,,
C:/Claire RStudio/Final_project_repository/2024-01 and 2024-01 11West/11 west,2024-01-05 21-00-03 M 1_3.JPG,img,rodent,0.98012,FALSE,0,623,311,760,1152,2048,2024-01-05 21:00:03,2024-01-05 21:00:03,2024-01-05 21:00:03,,,,,RECONYX,HYPERFIRE 2 COVERT,25,300,2,2,72.0,72.0,b'0220',b'\x01\x02\x03\x00',b'0100',1,2048,100,1152,0,1,3,0.0075,,,,
C:/Claire RStudio/Final_project_repository/2024-01 and 2024-01 11West/11 west,2024-01-05 21-00-04 M 2_3.JPG,img,rodent,0.91459,FALSE,0,622,312,761,1152,2048,2024-01-05 21:00:04,2024-01-05 21:00:04,2024-01-05 21:00:04,,,,,RECONYX,HYPERFIRE 2 COVERT,25,300,2,2,72.0,72.0,b'0220',b'\x01\x02\x03\x00',b'0100',1,2048,100,1152,0,1,3,0.0075,,,,
C:/Claire RStudio/Final_project_repository/2024-01 and 2024-01 11West/11 west,2024-01-05 21-00-05 M 3_3.JPG,img,rodent,0.99958,FALSE,606,518,1124,791,1152,2048,2024-01-05 21:00:05,2024-01-05 21:00:05,2024-01-05 21:00:05,,,,,RECONYX,HYPERFIRE 2 COVERT,25,300,2,2,72.0,72.0,b'0220',b'\x01\x02\x03\x00',b'0100',1,2048,100,1152,0,1,3,0.0075,,,,
C:/Claire RStudio/Final_project_repository/2024-01 and 2024-01 11West/11 west,2024-01-05 21-00-38 M 1_3.JPG,img,rodent,0.99916,FALSE,400,622,887,770,1152,2048,2024-01-05 21:00:38,2024-01-05 21:00:38,2024-01-05 21:00:38,,,,,RECONYX,HYPERFIRE 2 COVERT,25,300,2,2,72.0,72.0,b'0220',b'\x01\x02\x03\x00',b'0100',1,2048,100,1152,0,1,3,0.007395833333333333,,,,
C:/Claire RStudio/Final_project_repository/2024-01 and 2024-01 11West/11 west,2024-01-05 21-00-39 M 2_3.JPG,img,rodent,0.9995,FALSE,1777,620,2048,754,1152,2048,2024-01-05 21:00:39,2024-01-05 21:00:39,2024-01-05 21:00:39,,,,,RECONYX,HYPERFIRE 2 COVERT,25,300,2,2,72.0,72.0,b'0220',b'\x01\x02\x03\x00',b'0100',1,2048,100,1152,0,1,3,0.007395833333333333,,,,
C:/Claire RStudio/Final_project_repository/2024-01 and 2024-01 11West/11 west,2024-01-05 21-00-40 M 3_3.JPG,img,unidentified animal,0.34,FALSE,796,412,1004,683,1152,2048,2024-01-05 21:00:40,2024-01-05 21:00:40,2024-01-05 21:00:40,,,,,RECONYX,HYPERFIRE 2 COVERT,25,300,2,2,72.0,72.0,b'0220',b'\x01\x02\x03\x00',b'0100',1,2048,100,1152,0,1,3,0.007395833333333333,,,,
C:/Claire RStudio/Final_project_repository/2024-01 and 2024-01 11West/11 west,2024-01-05 21-06-00 M 1_3.JPG,img,rodent,0.99696,FALSE,1387,591,1793,764,1152,2048,2024-01-05 21:06:00,2024-01-05 21:06:00,2024-01-05 21:06:00,,,,,RECONYX,HYPERFIRE 2 COVERT,25,300,2,2,72.0,72.0,b'0220',b'\x01\x02\x03\x00',b'0100',1,2048,100,1152,0,1,3,0.0075,,,,
C:/Claire RStudio/Final_project_repository/2024-01 and 2024-01 11West/11 west,2024-01-05 21-06-01 M 2_3.JPG,img,rodent,0.99691,FALSE,1167,622,1634,753,1152,2048,2024-01-05 21:06:01,2024-01-05 21:06:01,2024-01-05 21:06:01,,,,,RECONYX,HYPERFIRE 2 COVERT,25,300,2,2,72.0,72.0,b'0220',b'\x01\x02\x03\x00',b'0100',1,2048,100,1152,0,1,3,0.0075,,,,
C:/Claire RStudio/Final_project_repository/2024-01 and 2024-01 11West/11 west,2024-01-05 21-06-02 M 3_3.JPG,img,rabbit,0.99816,FALSE,950,592,1060,700,1152,2048,2024-01-05 21:06:02,2024-01-05 21:06:02,2024-01-05 21:06:02,,,,,RECONYX,HYPERFIRE 2 COVERT,25,300,2,2,72.0,72.0,b'0220',b'\x01\x02\x03\x00',b'0100',1,2048,100,1152,0,1,3,0.0075,,,,
C:/Claire RStudio/Final_project_repository/2024-01 and 2024-01 11West/11 west,2024-01-05 21-06-05 M 1_3.JPG,img,rabbit,0.57752,FALSE,1129,558,1477,668,1152,2048,2024-01-05 21:06:05,2024-01-05 21:06:05,2024-01-05 21:06:05,,,,,RECONYX,HYPERFIRE 2 COVERT,25,300,2,2,72.0,72.0,b'0220',b'\x01\x02\x03\x00',b'0100',1,2048,100,1152,0,1,3,0.0075,,,,
C:/Claire RStudio/Final_project_repository/2024-01 and 2024-01 11West/11 west,2024-01-05 21-06-06 M 2_3.JPG,img,rodent,0.68223,FALSE,1400,503,1762,613,1152,2048,2024-01-05 21:06:06,2024-01-05 21:06:06,2024-01-05 21:06:06,,,,,RECONYX,HYPERFIRE 2 COVERT,25,300,2,2,72.0,72.0,b'0220',b'\x01\x02\x03\x00',b'0100',1,2048,100,1152,0,1,3,0.0075,,,,
C:/Claire RStudio/Final_project_repository/2024-01 and 2024-01 11West/11 west,2024-01-05 21-06-07 M 3_3.JPG,img,rodent,0.99918,FALSE,1848,565,2048,657,1152,2048,2024-01-05 21:06:07,2024-01-05 21:06:07,2024-01-05 21:06:07,,,,,RECONYX,HYPERFIRE 2 COVERT,25,300,2,2,72.0,72.0,b'0220',b'\x01\x02\x03\x00',b'0100',1,2048,100,1152,0,1,3,0.0075,,,,
C:/Claire RStudio/Final_project_repository/2024-01 and 2024-01 11West/11 west,2024-01-05 21-13-35 M 1_3.JPG,img,unidentified animal,0.369,FALSE,796,413,1004,683,1152,2048,2024-01-05 21:13:35,2024-01-05 21:13:35,2024-01-05 21:13:35,,,,,RECONYX,HYPERFIRE 2 COVERT,25,300,2,2,72.0,72.0,b'0220',b'\x01\x02\x03\x00',b'0100',1,2048,100,1152,0,1,3,0.007395833333333333,,,,
C:/Claire RStudio/Final_project_repository/2024-01 and 2024-01 11West/11 west,2024-01-05 21-13-36 M 2_3.JPG,img,rabbit,0.99815,FALSE,796,412,1004,683,1152,2048,2024-01-05 21:13:36,2024-01-05 21:13:36,2024-01-05 21:13:36,,,,,RECONYX,HYPERFIRE 2 COVERT,25,300,2,2,72.0,72.0,b'0220',b'\x01\x02\x03\x00',b'0100',1,2048,100,1152,0,1,3,0.007395833333333333,,,,
C:/Claire RStudio/Final_project_repository/2024-01 and 2024-01 11West/11 west,2024-01-05 21-21-55 M 1_3.JPG,img,rodent,0.98925,FALSE,1512,811,2048,1074,1152,2048,2024-01-05 21:21:55,2024-01-05 21:21:55,2024-01-05 21:21:55,,,,,RECONYX,HYPERFIRE 2 COVERT,25,300,2,2,72.0,72.0,b'0220',b'\x01\x02\x03\x00',b'0100',1,2048,100,1152,0,1,3,0.0075,,,,
C:/Claire RStudio/Final_project_repository/2024-01 and 2024-01 11West/11 west,2024-01-05 21-21-55 M 2_3.JPG,img,rodent,0.99764,FALSE,658,891,1564,1119,1152,2048,2024-01-05 21:21:55,2024-01-05 21:21:55,2024-01-05 21:21:55,,,,,RECONYX,HYPERFIRE 2 COVERT,25,300,2,2,72.0,72.0,b'0220',b'\x01\x02\x03\x00',b'0100',1,2048,100,1152,0,1,3,0.006145833333333333,,,,
C:/Claire RStudio/Final_project_repository/2024-01 and 2024-01 11West/11 west,2024-01-05 21-21-57 M 3_3.JPG,img,rodent,0.91008,FALSE,0,999,391,1119,1152,2048,2024-01-05 21:21:57,2024-01-05 21:21:57,2024-01-05 21:21:57,,,,,RECONYX,HYPERFIRE 2 COVERT,25,300,2,2,72.0,72.0,b'0220',b'\x01\x02\x03\x00',b'0100',1,2048,100,1152,0,1,3,0.0071875,,,,
